,Percentage,,,,,,,Real Number,,,,,,,,,,,,,,,,,,,,
,Mkt-RF,SMB,HML,RMW,CMA,RF,,Mkt-RF,SMB,HML,RMW,CMA,RF,,S&P Return,Rt-Rf,,,CAPM_Beta,,,Residual,E^2,RSS,Y-Ybar,(Y-Ybar)^2,TSS,ESS
198502,1.22,0.99,-0.12,1.26,1.03,0.58,,0.0122,0.0099,-0.0012,0.0126,0.0103,0.0058,,0.008628781,0.002828781,,Intercept,-0.002256749,,,-0.006766835,4.57901E-05,0.004390549,-0.00227389,5.17058E-06,0.720056945,0.715666396
198503,-0.84,-1.47,4.1,1.02,2.94,0.62,,-0.0084,-0.0147,0.041,0.0102,0.0294,0.0062,,-0.002870013,-0.009070013,,Mkt-RF,1.009013957,,,-0.003694418,1.36487E-05,,-0.014172685,0.000200865,,
198504,-0.96,-0.11,3.73,1.49,0.71,0.72,,-0.0096,-0.0011,0.0373,0.0149,0.0071,0.0072,,-0.004594276,-0.011794276,,SMB,-0.16459171,,,-0.002182972,4.76536E-06,,-0.016896948,0.000285507,,
198505,5.09,-2.35,-0.86,1.11,-1.39,0.66,,0.0509,-0.0235,-0.0086,0.0111,-0.0139,0.0066,,0.054051053,0.047451053,,HML,0.025486956,,,-0.005356586,2.8693E-05,,0.042348382,0.001793385,,
198506,1.27,0.43,0.63,1.5,-0.59,0.55,,0.0127,0.0043,0.0063,0.015,-0.0059,0.0055,,0.012134017,0.006634017,,RMW,0.059762767,,,-0.004015538,1.61245E-05,,0.001531346,2.34502E-06,,
198507,-0.74,2.89,-1.63,-0.37,-0.31,0.62,,-0.0074,0.0289,-0.0163,-0.0037,-0.0031,0.0062,,-0.004847579,-0.011047579,,CMA,0.04363357,,,0.004204398,1.7677E-05,,-0.01615025,0.000260831,,
198508,-1.02,-0.31,2.28,0.33,1.88,0.55,,-0.0102,-0.0031,0.0228,0.0033,0.0188,0.0055,,-0.011994516,-0.017494516,,,,,,-0.00705469,4.97687E-05,,-0.022597188,0.000510633,,
198509,-4.54,-1.8,1.32,1.46,1.61,0.6,,-0.0454,-0.018,0.0132,0.0146,0.0161,0.006,,-0.034724078,-0.040724078,,Ybar,0.005102671,,,0.002467789,6.08998E-06,,-0.045826749,0.002100091,,
198510,4.02,-1.52,0.78,0.97,-1.11,0.65,,0.0402,-0.0152,0.0078,0.0097,-0.0111,0.0065,,0.042508814,0.036008814,,,,,,-0.005092756,2.59362E-05,,0.030906143,0.00095519,,
198511,6.48,-0.01,-2.87,0.5,-2.33,0.61,,0.0648,-0.0001,-0.0287,0.005,-0.0233,0.0061,,0.065061588,0.058961588,,,,,,-0.002732903,7.46876E-06,,0.053858916,0.002900783,,
198512,3.88,-0.43,-1.53,0.94,-1.8,0.65,,0.0388,-0.0043,-0.0153,0.0094,-0.018,0.0065,,0.045061093,0.038561093,,,,,,0.00157394,2.47729E-06,,0.033458421,0.001119466,,
198601,0.65,1.02,0.53,-2.28,-2.05,0.56,,0.0065,0.0102,0.0053,-0.0228,-0.0205,0.0056,,0.002366528,-0.003233472,,,,,,-0.00373448,1.39463E-05,,-0.008336144,6.94913E-05,,
198602,7.13,-0.74,-0.94,1.21,-1.39,0.53,,0.0713,-0.0074,-0.0094,0.0121,-0.0139,0.0053,,0.071489277,0.066189277,,,,,,-0.004591693,2.10836E-05,,0.061086606,0.003731573,,
198603,4.88,-0.53,-0.44,1.82,0.99,0.6,,0.0488,-0.0053,-0.0044,0.0182,0.0099,0.006,,0.052793919,0.046793919,,,,,,-0.002469061,6.09626E-06,,0.041691248,0.00173816,,
198604,-1.31,2.95,-2.85,3.36,0.02,0.52,,-0.0131,0.0295,-0.0285,0.0336,0.0002,0.0052,,-0.014148138,-0.019348138,,,,,,-0.000308228,9.50045E-08,,-0.024450809,0.000597842,,
198605,4.62,-1.24,-0.11,1.9,1.11,0.49,,0.0462,-0.0124,-0.0011,0.019,0.0111,0.0049,,0.050229288,0.045329288,,,,,,-0.002663135,7.09229E-06,,0.040226616,0.001618181,,
198606,1.03,-0.88,1.4,1.9,0.87,0.52,,0.0103,-0.0088,0.014,0.019,0.0087,0.0052,,0.014109521,0.008909521,,R-squared,AIC,,,-0.002546903,6.48672E-06,,0.003806849,1.44921E-05,,
198607,-6.45,-3.54,4.78,-0.43,0.61,0.52,,-0.0645,-0.0354,0.0478,-0.0043,0.0061,0.0052,,-0.058682831,-0.063882831,,0.993902498,-4605.60524,,,-0.003598689,1.29506E-05,,-0.068985502,0.004758999,,
198608,6.07,-4.32,3.52,-1.63,3.24,0.46,,0.0607,-0.0432,0.0352,-0.0163,0.0324,0.0046,,0.071192607,0.066592607,,Adjusted R Square,,,,-0.000844889,7.13837E-07,,0.061489936,0.003781012,,
198609,-8.6,1.97,3.19,0.01,3.62,0.45,,-0.086,0.0197,0.0319,0.0001,0.0362,0.0045,,-0.085438606,-0.089938606,,0.993825896,,,,-6.27455E-05,3.937E-09,,-0.095041277,0.009032844,,
198610,4.66,-2.34,-1.32,-0.1,0.89,0.46,,0.0466,-0.0234,-0.0132,-0.001,0.0089,0.0046,,0.05472933,0.05012933,,,,,,0.001522434,2.31781E-06,,0.045026659,0.0020274,,
198611,1.17,-1.86,-0.06,1.18,0.61,0.39,,0.0117,-0.0186,-0.0006,0.0118,0.0061,0.0039,,0.021477191,0.017577191,,,,,,0.004010998,1.60881E-05,,0.01247452,0.000155614,,
198612,-3.27,0.07,0.37,0.71,-0.03,0.49,,-0.0327,0.0007,0.0037,0.0071,-0.0003,0.0049,,-0.028288271,-0.033188271,,,,,,0.001672921,2.79866E-06,,-0.038290943,0.001466196,,
198701,12.47,-1.51,-3.18,0.04,-1.09,0.42,,0.1247,-0.0151,-0.0318,0.0004,-0.0109,0.0042,,0.131766896,0.127566896,,,,,,0.002776456,7.70871E-06,,0.122464225,0.014997486,,
198702,4.39,3.39,-5.99,-0.96,-2.76,0.43,,0.0439,0.0339,-0.0599,-0.0096,-0.0276,0.0043,,0.036923619,0.032623619,,,,,,-0.000531008,2.8197E-07,,0.027520948,0.000757403,,
198703,1.64,0.2,1.66,1.28,4.03,0.47,,0.0164,0.002,0.0166,0.0128,0.0403,0.0047,,0.026389865,0.021689865,,,,,,0.004781489,2.28626E-05,,0.016587194,0.000275135,,
198704,-2.11,-1.56,-0.33,-0.5,1.22,0.44,,-0.0211,-0.0156,-0.0033,-0.005,0.0122,0.0044,,-0.011450212,-0.015850212,,,,,,0.004979692,2.47973E-05,,-0.020952883,0.000439023,,
198705,0.11,-0.59,0.13,0.68,1.32,0.38,,0.0011,-0.0059,0.0013,0.0068,0.0132,0.0038,,0.006034197,0.002234197,,,,,,0.001394457,1.94451E-06,,-0.002868474,8.22814E-06,,
198706,3.94,-2.25,1.07,1.96,0.83,0.48,,0.0394,-0.0225,0.0107,0.0196,0.0083,0.0048,,0.047914491,0.043114491,,,,,,0.000106557,1.13543E-08,,0.038011819,0.001444898,,
198707,3.85,-1.09,0.66,-0.25,1.56,0.46,,0.0385,-0.0109,0.0066,-0.0025,0.0156,0.0046,,0.048223697,0.043623697,,,,,,0.004539869,2.06104E-05,,0.038521026,0.001483869,,
198708,3.52,-0.87,-0.9,1.89,-1.59,0.47,,0.0352,-0.0087,-0.009,0.0189,-0.0159,0.0047,,0.03495884,0.03025884,,,,,,-0.004640011,2.15297E-05,,0.025156168,0.000632833,,
198709,-2.59,0.39,0.28,-1.06,1.89,0.45,,-0.0259,0.0039,0.0028,-0.0106,0.0189,0.0045,,-0.024166165,-0.028666165,,,,,,0.0001034,1.06916E-08,,-0.033768837,0.001140334,,
198710,-23.24,-8.1,4.23,1.64,2.39,0.6,,-0.2324,-0.081,0.0423,0.0164,0.0239,0.006,,-0.217630416,-0.223630416,,,,,,-0.003311802,1.0968E-05,,-0.228733088,0.052318825,,
198711,-7.77,2.83,3.14,-2.36,0.71,0.35,,-0.0777,0.0283,0.0314,-0.0236,0.0071,0.0035,,-0.085348865,-0.088848865,,,,,,-0.003233473,1.04553E-05,,-0.093951536,0.008826891,,
198712,6.81,0.09,-4.49,3.09,-2.36,0.39,,0.0681,0.0009,-0.0449,0.0309,-0.0236,0.0039,,0.07286148,0.06896148,,,,,,0.002979958,8.88015E-06,,0.063858808,0.004077947,,
198801,4.21,-0.56,5.08,-0.89,2.09,0.29,,0.0421,-0.0056,0.0508,-0.0089,0.0209,0.0029,,0.040432269,0.037532269,,,,,,-0.005286974,2.79521E-05,,0.032429597,0.001051679,,
198802,4.75,3.27,-1.65,1.85,-0.11,0.46,,0.0475,0.0327,-0.0165,0.0185,-0.0011,0.0046,,0.041817403,0.037217403,,,,,,-0.003708942,1.37563E-05,,0.032114731,0.001031356,,
198803,-2.27,6.25,0.74,-0.04,1.91,0.44,,-0.0227,0.0625,0.0074,-0.0004,0.0191,0.0044,,-0.03334326,-0.03774326,,,,,,-0.003293012,1.08439E-05,,-0.042845931,0.001835774,,
198804,0.56,1.1,1.69,-0.13,1.9,0.46,,0.0056,0.011,0.0169,-0.0013,0.019,0.0046,,0.009424744,0.004824744,,,,,,0.002059447,4.24132E-06,,-0.000277928,7.72439E-08,,
198805,-0.29,-2.58,2.3,-0.68,0.38,0.51,,-0.0029,-0.0258,0.023,-0.0068,0.0038,0.0051,,0.003176126,-0.001923874,,,,,,-0.001333071,1.77708E-06,,-0.007026545,4.93723E-05,,
198806,4.79,2.18,-1.07,1.43,-3.25,0.49,,0.0479,0.0218,-0.0107,0.0143,-0.0325,0.0049,,0.043256011,0.038356011,,,,,,-0.003294716,1.08552E-05,,0.03325334,0.001105785,,
198807,-1.25,-0.17,2.27,-0.81,1.45,0.51,,-0.0125,-0.0017,0.0227,-0.0081,0.0145,0.0051,,-0.005411375,-0.010511375,,,,,,0.00335108,1.12297E-05,,-0.015614046,0.000243798,,
198808,-3.31,-0.04,2.03,-0.85,1.74,0.59,,-0.0331,-0.0004,0.0203,-0.0085,0.0174,0.0059,,-0.038600104,-0.044500104,,,,,,-0.009679456,9.36919E-05,,-0.049602776,0.002460435,,
198809,3.3,-1.32,-0.68,1.45,-0.48,0.62,,0.033,-0.0132,-0.0068,0.0145,-0.0048,0.0062,,0.039729334,0.033529334,,,,,,-0.000167796,2.81555E-08,,0.028426663,0.000808075,,
198810,1.15,-2.97,1.71,1.32,1.04,0.61,,0.0115,-0.0297,0.0171,0.0132,0.0104,0.0061,,0.025964462,0.019864462,,,,,,0.003950692,1.5608E-05,,0.014761791,0.00021791,,
198811,-2.29,-1.67,1.24,0.08,1.6,0.57,,-0.0229,-0.0167,0.0124,0.0008,0.016,0.0057,,-0.018890881,-0.024590881,,,,,,-0.003038379,9.23175E-06,,-0.029693552,0.000881707,,
198812,1.49,1.99,-1.55,0.77,-0.37,0.63,,0.0149,0.0199,-0.0155,0.0077,-0.0037,0.0063,,0.014687573,0.008387573,,,,,,-0.001018292,1.03692E-06,,0.003284902,1.07906E-05,,
198901,6.1,-2.23,0.51,-0.8,0.16,0.55,,0.061,-0.0223,0.0051,-0.008,0.0016,0.0055,,0.071114792,0.065614792,,,,,,0.002929599,8.58255E-06,,0.06051212,0.003661717,,
198902,-2.25,2.67,0.87,-0.62,1.89,0.61,,-0.0225,0.0267,0.0087,-0.0062,0.0189,0.0061,,-0.028944149,-0.035044149,,,,,,-0.006365869,4.05243E-05,,-0.04014682,0.001611767,,
198903,1.57,0.74,0.46,-0.04,0.79,0.67,,0.0157,0.0074,0.0046,-0.0004,0.0079,0.0067,,0.020805962,0.014105962,,,,,,0.001301131,1.69294E-06,,0.009003291,8.10592E-05,,
198904,4.33,-0.7,-1.45,0.82,-0.54,0.67,,0.0433,-0.007,-0.0145,0.0082,-0.0054,0.0067,,0.050089939,0.043389939,,,,,,0.000919369,8.45239E-07,,0.038287267,0.001465915,,
198905,3.35,-0.05,-0.82,0.64,-0.04,0.79,,0.0335,-0.0005,-0.0082,0.0064,-0.0004,0.0079,,0.035137493,0.027237493,,,,,,-0.004546056,2.06666E-05,,0.022134822,0.00048995,,
198906,-1.35,-1.07,2.19,-0.09,1.52,0.71,,-0.0135,-0.0107,0.0219,-0.0009,0.0152,0.0071,,-0.007924554,-0.015024554,,,,,,-0.002074856,4.30503E-06,,-0.020127226,0.000405105,,
198907,7.2,-4.08,-2.84,2,-0.62,0.7,,0.072,-0.0408,-0.0284,0.02,-0.0062,0.007,,0.088370259,0.081370259,,,,,,0.004061764,1.64979E-05,,0.076267588,0.005816745,,
198908,1.44,0.44,0.72,0.08,-0.5,0.74,,0.0144,0.0044,0.0072,0.0008,-0.005,0.0074,,0.015516716,0.008116716,,,,,,-0.003445281,1.187E-05,,0.003014045,9.08447E-06,,
198909,-0.76,0.46,-1.34,1.41,0.59,0.65,,-0.0076,0.0046,-0.0134,0.0141,0.0059,0.0065,,-0.006544367,-0.013044367,,,,,,-0.003120558,9.73789E-06,,-0.018147039,0.000329315,,
198910,-3.67,-3.33,-1.03,0.09,0.02,0.68,,-0.0367,-0.0333,-0.0103,0.0009,0.0002,0.0068,,-0.025175452,-0.031975452,,,,,,0.002031207,4.1258E-06,,-0.037078124,0.001374787,,
198911,1.03,-1.28,-1.12,-1.29,1.47,0.69,,0.0103,-0.0128,-0.0112,-0.0129,0.0147,0.0069,,0.016541325,0.009641325,,,,,,-0.000186564,3.48062E-08,,0.004538653,2.05994E-05,,
198912,1.16,-2.28,0.28,-0.25,1.45,0.61,,0.0116,-0.0228,0.0028,-0.0025,0.0145,0.0061,,0.021416816,0.015316816,,,,,,0.001561669,2.43881E-06,,0.010214145,0.000104329,,
199001,-7.85,-1.33,0.87,-1.12,1.32,0.57,,-0.0785,-0.0133,0.0087,-0.0112,0.0132,0.0057,,-0.068817225,-0.074517225,,,,,,0.004629693,2.14341E-05,,-0.079619897,0.006339328,,
199002,1.11,1.17,0.61,-0.18,-0.64,0.57,,0.0111,0.0117,0.0061,-0.0018,-0.0064,0.0057,,0.008539043,0.002839043,,,,,,-0.003947183,1.55803E-05,,-0.002263629,5.12402E-06,,
199003,1.83,1.63,-2.9,2.18,-1.02,0.64,,0.0183,0.0163,-0.029,0.0218,-0.0102,0.0064,,0.024254984,0.017854984,,,,,,0.004210978,1.77323E-05,,0.012752313,0.000162621,,
199004,-3.36,-0.43,-2.55,1.83,-0.98,0.69,,-0.0336,-0.0043,-0.0255,0.0183,-0.0098,0.0069,,-0.026887139,-0.033787139,,,,,,0.001648602,2.71789E-06,,-0.03888981,0.001512417,,
199005,8.42,-2.42,-3.74,1.7,-1.57,0.68,,0.0842,-0.0242,-0.0374,0.017,-0.0157,0.0068,,0.09198919,0.08518919,,,,,,-0.000873863,7.63637E-07,,0.080086519,0.00641385,,
199006,-1.09,1.37,-1.94,-1.09,-0.34,0.63,,-0.0109,0.0137,-0.0194,-0.0109,-0.0034,0.0063,,-0.008886366,-0.015186366,,,,,,0.001617757,2.61714E-06,,-0.020289037,0.000411645,,
199007,-1.9,-3.24,-0.01,-0.36,3.1,0.68,,-0.019,-0.0324,-0.0001,-0.0036,0.031,0.0068,,-0.005223158,-0.012023158,,,,,,0.002937139,8.62678E-06,,-0.017125829,0.000293294,,
199008,-10.15,-3.86,1.58,-0.46,2.99,0.66,,-0.1015,-0.0386,0.0158,-0.0046,0.0299,0.0066,,-0.094314184,-0.100914184,,,,,,-0.004028187,1.62263E-05,,-0.106016855,0.011239574,,
199009,-6.12,-3.75,0.73,-0.07,3.71,0.6,,-0.0612,-0.0375,0.0073,-0.0007,0.0371,0.006,,-0.051184307,-0.057184307,,,,,,-0.00111112,1.23459E-06,,-0.062286979,0.003879668,,
199010,-1.92,-5.08,0.22,2.81,-0.49,0.68,,-0.0192,-0.0508,0.0022,0.0281,-0.0049,0.0068,,-0.006698213,-0.013498213,,,,,,-0.001751256,3.0669E-06,,-0.018600884,0.000345993,,
199011,6.35,-0.03,-3.16,0.82,-4.75,0.57,,0.0635,-0.0003,-0.0316,0.0082,-0.0475,0.0057,,0.059934214,0.054234214,,,,,,-0.005242873,2.74877E-05,,0.049131542,0.002413908,,
199012,2.46,0.62,-1.54,3.39,-2,0.6,,0.0246,0.0062,-0.0154,0.0339,-0.02,0.006,,0.024827757,0.018827757,,,,,,-0.003477556,1.20934E-05,,0.013725086,0.000188378,,
199101,4.69,3.88,-1.84,1.78,-4.08,0.52,,0.0469,0.0388,-0.0184,0.0178,-0.0408,0.0052,,0.041517752,0.036317752,,,,,,-0.001176663,1.38454E-06,,0.03121508,0.000974381,,
199102,7.19,3.91,-0.54,-0.08,-0.16,0.48,,0.0719,0.0391,-0.0054,-0.0008,-0.0016,0.0048,,0.067281175,0.062481175,,,,,,-0.00111939,1.25304E-06,,0.057378503,0.003292293,,
199103,2.65,3.84,-1.23,-0.13,-0.99,0.44,,0.0265,0.0384,-0.0123,-0.0013,-0.0099,0.0044,,0.022202833,0.017802833,,,,,,0.000464187,2.1547E-07,,0.012700161,0.000161294,,
199104,-0.28,0.31,1.42,0.38,0.71,0.53,,-0.0028,0.0031,0.0142,0.0038,0.0071,0.0053,,0.000319799,-0.004980201,,,,,,-0.00028679,8.22487E-08,,-0.010082872,0.000101664,,
199105,3.65,0.18,-0.57,2.08,-2.45,0.47,,0.0365,0.0018,-0.0057,0.0208,-0.0245,0.0047,,0.038604975,0.033904975,,,,,,-0.000399788,1.59831E-07,,0.028802303,0.000829573,,
199106,-4.94,0.15,1.21,1.37,0.63,0.42,,-0.0494,0.0015,0.0121,0.0137,0.0063,0.0042,,-0.047892629,-0.052092629,,,,,,-0.001145737,1.31271E-06,,-0.057195301,0.003271302,,
199107,4.24,-0.99,-1.25,1.36,-1.41,0.49,,0.0424,-0.0099,-0.0125,0.0136,-0.0141,0.0049,,0.044859343,0.039959343,,,,,,-0.002074511,4.3036E-06,,0.034856672,0.001214988,,
199108,2.32,1.43,-0.78,0.79,-0.55,0.46,,0.0232,0.0143,-0.0078,0.0079,-0.0055,0.0046,,0.019648784,0.015048784,,,,,,-0.003783272,1.43131E-05,,0.009946113,9.89252E-05,,
199109,-1.59,1.54,-1,-2.1,0.16,0.46,,-0.0159,0.0154,-0.01,-0.021,0.0016,0.0046,,-0.019143738,-0.023743738,,,,,,-0.001468881,2.15761E-06,,-0.028846409,0.000832115,,
199110,1.29,0.91,-0.43,-1.95,-0.29,0.42,,0.0129,0.0091,-0.0043,-0.0195,-0.0029,0.0042,,0.011834237,0.007634237,,,,,,-0.000226004,5.1078E-08,,0.002531566,6.40882E-06,,
199111,-4.19,-0.92,-1.93,1.12,0.12,0.39,,-0.0419,-0.0092,-0.0193,0.0112,0.0012,0.0039,,-0.043903709,-0.047803709,,,,,,-0.005013324,2.51334E-05,,-0.05290638,0.002799085,,
199112,10.84,-2.41,-4.03,3.76,-3.12,0.38,,0.1084,-0.0241,-0.0403,0.0376,-0.0312,0.0038,,0.111587855,0.107787855,,,,,,-0.003157758,9.97143E-06,,0.102685183,0.010544247,,
199201,-0.59,9.23,4.51,-1.14,3.15,0.34,,-0.0059,0.0923,0.0451,-0.0114,0.0315,0.0034,,-0.01992375,-0.02332375,,,,,,-0.001764628,3.11391E-06,,-0.028426422,0.000808061,,
199202,1.09,1.37,6.37,0.18,2.04,0.28,,0.0109,0.0137,0.0637,0.0018,0.0204,0.0028,,0.009589542,0.006789542,,,,,,-0.002318272,5.37438E-06,,0.001686871,2.84553E-06,,
199203,-2.66,-0.88,3.65,0.06,1.93,0.34,,-0.0266,-0.0088,0.0365,0.0006,0.0193,0.0034,,-0.021831863,-0.025231863,,,,,,0.000607991,3.69653E-07,,-0.030334534,0.000920184,,
199204,1.07,-5.71,4.31,1.73,2.22,0.32,,0.0107,-0.0571,0.0431,0.0173,0.0222,0.0032,,0.027892715,0.024692715,,,,,,0.003653779,1.33501E-05,,0.019590043,0.00038377,,
199205,0.3,0.22,1.28,-0.97,0.43,0.28,,0.003,0.0022,0.0128,-0.0097,0.0043,0.0028,,0.000963957,-0.001836043,,,,,,-0.002178393,4.7454E-06,,-0.006938714,4.81458E-05,,
199206,-2.34,-2.67,3.4,0.06,1.07,0.32,,-0.0234,-0.0267,0.034,0.0006,0.0107,0.0032,,-0.017358832,-0.020558832,,,,,,-0.000455049,2.07069E-07,,-0.025661503,0.000658513,,
199207,3.77,-0.64,-0.53,0.96,-0.72,0.31,,0.0377,-0.0064,-0.0053,0.0096,-0.0072,0.0031,,0.039373684,0.036273684,,,,,,-0.00068726,4.72327E-07,,0.031171013,0.000971632,,
199208,-2.38,-0.45,-1.03,3.72,-1.62,0.26,,-0.0238,-0.0045,-0.0103,0.0372,-0.0162,0.0026,,-0.02399753,-0.02659753,,,,,,-0.002320707,5.38568E-06,,-0.031700201,0.001004903,,
199209,1.19,0.46,-0.21,1.5,-0.5,0.26,,0.0119,0.0046,-0.0021,0.015,-0.005,0.0026,,0.009105594,0.006505594,,,,,,-0.003112553,9.68798E-06,,0.001402922,1.96819E-06,,
199210,1.02,2.03,-2.1,1.1,-0.8,0.23,,0.0102,0.0203,-0.021,0.011,-0.008,0.0023,,0.002106283,-0.000193717,,,,,,-0.004660795,2.1723E-05,,-0.005296388,2.80517E-05,,
199211,4.13,3.94,-1.48,-0.64,-1.91,0.23,,0.0413,0.0394,-0.0148,-0.0064,-0.0191,0.0023,,0.030261807,0.027961807,,,,,,-0.003375718,1.13955E-05,,0.022859135,0.00052254,,
199212,1.53,1.64,2.52,-0.83,0.75,0.28,,0.0153,0.0164,0.0252,-0.0083,0.0075,0.0028,,0.010107766,0.007307766,,,,,,-0.003647587,1.33049E-05,,0.002205095,4.86244E-06,,
199301,0.93,2.1,5.87,-1.79,2.78,0.23,,0.0093,0.021,0.0587,-0.0179,0.0278,0.0023,,0.007045989,0.004745989,,,,,,-0.00056401,3.18107E-07,,-0.000356682,1.27222E-07,,
199302,0.12,-3.43,6.42,-0.62,4.05,0.22,,0.0012,-0.0343,0.0642,-0.0062,0.0405,0.0022,,0.010483627,0.008283627,,,,,,0.000651171,4.24023E-07,,0.003180956,1.01185E-05,,
199303,2.3,0.08,1.22,-0.26,0.92,0.25,,0.023,0.0008,0.0122,-0.0026,0.0092,0.0025,,0.018697298,0.016197298,,,,,,-0.005178588,2.68178E-05,,0.011094626,0.000123091,,
199304,-3.05,-0.82,2.61,-3.49,1.52,0.24,,-0.0305,-0.0082,0.0261,-0.0349,0.0152,0.0024,,-0.02541681,-0.02781681,,,,,,0.004622493,2.13674E-05,,-0.032919482,0.001083692,,
199305,2.89,1.87,-3.41,-0.18,-1.18,0.22,,0.0289,0.0187,-0.0341,-0.0018,-0.0118,0.0022,,0.022717463,0.020517463,,,,,,-0.001816872,3.30103E-06,,0.015414791,0.000237616,,
199306,0.31,0.1,2.62,-1.19,1.09,0.25,,0.0031,0.001,0.0262,-0.0119,0.0109,0.0025,,0.00075523,-0.00174477,,,,,,-0.00288356,8.31492E-06,,-0.006847441,4.68875E-05,,
199307,-0.34,0.9,3.24,-2.13,2.02,0.24,,-0.0034,0.009,0.0324,-0.0213,0.0202,0.0024,,-0.005327046,-0.007727046,,,,,,-0.000992553,9.85161E-07,,-0.012829717,0.000164602,,
199308,3.71,0.27,-0.45,-1.37,-0.03,0.25,,0.0371,0.0027,-0.0045,-0.0137,-0.0003,0.0025,,0.034431957,0.031931957,,,,,,-0.001854783,3.44022E-06,,0.026829285,0.000719811,,
199309,-0.12,3.05,-0.45,0.69,-0.09,0.26,,-0.0012,0.0305,-0.0045,0.0069,-0.0009,0.0026,,-0.00998793,-0.01258793,,,,,,-0.004358719,1.89984E-05,,-0.017690602,0.000312957,,
199310,1.41,1.61,-1.54,-0.31,0.6,0.22,,0.0141,0.0161,-0.0154,-0.0031,0.006,0.0022,,0.019392923,0.017192923,,,,,,0.008188464,6.70509E-05,,0.012090252,0.000146174,,
199311,-1.89,-1.42,-0.27,1.68,-0.96,0.25,,-0.0189,-0.0142,-0.0027,0.0168,-0.0096,0.0025,,-0.012910626,-0.015410626,,,,,,0.003062967,9.38177E-06,,-0.020513297,0.000420795,,
199312,1.65,1.4,0.57,1.01,-0.3,0.23,,0.0165,0.014,0.0057,0.0101,-0.003,0.0023,,0.010091173,0.007791173,,,,,,-0.004914503,2.41523E-05,,0.002688502,7.22804E-06,,
199401,2.87,-0.17,2.09,-2.13,1.47,0.25,,0.0287,-0.0017,0.0209,-0.0213,0.0147,0.0025,,0.032500745,0.030000745,,,,,,0.003117844,9.72095E-06,,0.024898074,0.000619914,,
199402,-2.55,2.63,-1.44,2.15,-1.05,0.21,,-0.0255,0.0263,-0.0144,0.0215,-0.0105,0.0021,,-0.030044996,-0.032144996,,,,,,-0.000289364,8.37315E-08,,-0.037247667,0.001387389,,
199403,-4.78,-1.03,1.31,0.84,1.25,0.27,,-0.0478,-0.0103,0.0131,0.0084,0.0125,0.0027,,-0.045746511,-0.048446511,,,,,,-0.001035496,1.07225E-06,,-0.053549183,0.002867515,,
199404,0.68,-1.05,1.68,1.13,1.12,0.27,,0.0068,-0.0105,0.0168,0.0113,0.0112,0.0027,,0.011530644,0.008830644,,,,,,0.000905689,8.20272E-07,,0.003727972,1.38978E-05,,
199405,0.58,-2.48,0.2,0.97,0.71,0.31,,0.0058,-0.0248,0.002,0.0097,0.0071,0.0031,,0.012397143,0.009297143,,,,,,0.000679266,4.61402E-07,,0.004194472,1.75936E-05,,
199406,-3.03,-0.49,1.7,1.23,1.51,0.31,,-0.0303,-0.0049,0.017,0.0123,0.0151,0.0031,,-0.026790824,-0.029890824,,,,,,0.000305322,9.32212E-08,,-0.034993495,0.001224545,,
199407,2.82,-1.82,0.59,-1.09,0.14,0.28,,0.0282,-0.0182,0.0059,-0.0109,0.0014,0.0028,,0.031489908,0.028689908,,,,,,-6.31519E-05,3.98817E-09,,0.023587236,0.000556358,,
199408,4.01,1.23,-2.82,0.19,-1.45,0.37,,0.0401,0.0123,-0.0282,0.0019,-0.0145,0.0037,,0.037598699,0.033898699,,,,,,-0.001043665,1.08924E-06,,0.028796027,0.000829211,,
199409,-2.31,2.58,-1.9,0.12,0.95,0.37,,-0.0231,0.0258,-0.019,0.0012,0.0095,0.0037,,-0.026877535,-0.030577535,,,,,,-0.00076808,5.89947E-07,,-0.035680207,0.001273077,,
199410,1.34,-2.3,-1.73,0.53,-0.64,0.38,,0.0134,-0.023,-0.0173,0.0053,-0.0064,0.0038,,0.020833816,0.017033816,,,,,,0.002387605,5.70066E-06,,0.011931145,0.000142352,,
199411,-4.04,0.15,-0.94,0.79,-0.45,0.37,,-0.0404,0.0015,-0.0094,0.0079,-0.0045,0.0037,,-0.039504613,-0.043204613,,,,,,2.69903E-05,7.28474E-10,,-0.048307284,0.002333594,,
199412,0.86,-0.03,0.55,0.2,0.31,0.44,,0.0086,-0.0003,0.0055,0.002,0.0031,0.0044,,0.012299118,0.007899118,,,,,,0.001034002,1.06916E-06,,0.002796447,7.82012E-06,,
199501,1.8,-2.73,0.83,0.72,-0.84,0.42,,0.018,-0.0273,0.0083,0.0072,-0.0084,0.0042,,0.024277711,0.020077711,,,,,,-0.000596457,3.55761E-07,,0.014975039,0.000224252,,
199502,3.63,-0.51,1.08,0.68,-0.33,0.4,,0.0363,-0.0051,0.0108,0.0068,-0.0033,0.004,,0.03607415,0.03207415,,,,,,-0.003673381,1.34937E-05,,0.026971478,0.000727461,,
199503,2.19,-0.8,-1.07,-0.43,0.19,0.46,,0.0219,-0.008,-0.0107,-0.0043,0.0019,0.0046,,0.027329193,0.022729193,,,,,,0.002018589,4.0747E-06,,0.017626522,0.000310694,,
199504,2.11,-0.4,2.26,-0.19,1.01,0.44,,0.0211,-0.004,0.0226,-0.0019,0.0101,0.0044,,0.027960359,0.023560359,,,,,,0.002965391,8.79355E-06,,0.018457687,0.000340686,,
199505,2.9,-2.03,1.69,0.57,0.09,0.54,,0.029,-0.0203,0.0169,0.0057,0.0009,0.0054,,0.036311712,0.030911712,,,,,,-0.000244803,5.99287E-08,,0.02580904,0.000666107,,
199506,2.72,2.93,-2.27,-0.48,-2.43,0.47,,0.0272,0.0293,-0.0227,-0.0048,-0.0243,0.0047,,0.021278544,0.016578544,,,,,,-0.001861639,3.4657E-06,,0.011475873,0.000131696,,
199507,3.72,2.11,-1.68,0.73,-1.71,0.45,,0.0372,0.0211,-0.0168,0.0073,-0.0171,0.0045,,0.03177604,0.02727604,,,,,,-0.003791598,1.43762E-05,,0.022173369,0.000491658,,
199508,0.55,1.86,2.71,-0.99,1.64,0.47,,0.0055,0.0186,0.0271,-0.0099,0.0164,0.0047,,-0.000320238,-0.005020238,,,,,,-0.006066296,3.67999E-05,,-0.010122909,0.000102473,,
199509,3.35,-1.91,-0.76,1.5,0.36,0.43,,0.0335,-0.0191,-0.0076,0.015,0.0036,0.0043,,0.040097472,0.035797472,,,,,,0.000248731,6.18669E-08,,0.030694801,0.000942171,,
199510,-1.52,-4.07,-0.75,2.25,-0.04,0.47,,-0.0152,-0.0407,-0.0075,0.0225,-0.0004,0.0047,,-0.004979335,-0.009679335,,,,,,7.94868E-05,6.31815E-09,,-0.014782006,0.000218508,,
199511,3.96,-1.18,0.94,-0.95,1.19,0.42,,0.0396,-0.0118,0.0094,-0.0095,0.0119,0.0042,,0.041049003,0.036849003,,,,,,-0.002984454,8.90697E-06,,0.031746331,0.00100783,,
199512,1.03,0.63,0.86,-1.05,2.99,0.49,,0.0103,0.0063,0.0086,-0.0105,0.0299,0.0049,,0.017443874,0.012543874,,,,,,0.004548384,2.06878E-05,,0.007441203,5.53715E-05,,
199601,2.26,-2.55,0.3,-0.33,2.28,0.43,,0.0226,-0.0255,0.003,-0.0033,0.0228,0.0043,,0.032617387,0.028317387,,,,,,0.002699243,7.28591E-06,,0.023214716,0.000538923,,
199602,1.33,1.78,-1.42,0.22,-1.8,0.39,,0.0133,0.0178,-0.0142,0.0022,-0.018,0.0039,,0.006933702,0.003033702,,,,,,-0.004183862,1.75047E-05,,-0.00206897,4.28064E-06,,
199603,0.73,1.56,1,1.14,-0.97,0.39,,0.0073,0.0156,0.01,0.0114,-0.0097,0.0039,,0.007916567,0.004016567,,,,,,0.000962225,9.25877E-07,,-0.001086104,1.17962E-06,,
199604,2.06,4.61,-3.9,0.02,-2.2,0.46,,0.0206,0.0461,-0.039,0.0002,-0.022,0.0046,,0.013431422,0.008831422,,,,,,-0.000167861,2.81775E-08,,0.003728751,1.39036E-05,,
199605,2.36,3.14,-1.2,0.22,-0.22,0.42,,0.0236,0.0314,-0.012,0.0022,-0.0022,0.0042,,0.022853406,0.018653406,,,,,,0.002535964,6.43111E-06,,0.013550734,0.000183622,,
199606,-1.14,-3.49,1.56,3.34,1.08,0.4,,-0.0114,-0.0349,0.0156,0.0334,0.0108,0.004,,0.00225671,-0.00174329,,,,,,0.003407052,1.1608E-05,,-0.006845961,4.68672E-05,,
199607,-5.97,-3.67,4.45,3.03,2.6,0.45,,-0.0597,-0.0367,0.0445,0.0303,0.026,0.0045,,-0.045748017,-0.050248017,,,,,,0.002126895,4.52368E-06,,-0.055350689,0.003063699,,
199608,2.77,2.57,-0.46,-0.4,-2.43,0.41,,0.0277,0.0257,-0.0046,-0.004,-0.0243,0.0041,,0.018813935,0.014713935,,,,,,-0.005332409,2.84346E-05,,0.009611264,9.23764E-05,,
199609,5.01,-1.42,-3.14,1.1,-2.18,0.44,,0.0501,-0.0142,-0.0314,0.011,-0.0218,0.0044,,0.054203328,0.049803328,,,,,,0.000265387,7.04301E-08,,0.044700656,0.001998149,,
199610,0.86,-3.92,5.12,0.88,2.97,0.42,,0.0086,-0.0392,0.0512,0.0088,0.0297,0.0042,,0.026101003,0.021901003,,,,,,0.005901475,3.48274E-05,,0.016798332,0.000282184,,
199611,6.25,-3.8,1.16,2.06,-0.73,0.41,,0.0625,-0.038,0.0116,0.0206,-0.0073,0.0041,,0.073376152,0.069276152,,,,,,0.001006807,1.01366E-06,,0.06417348,0.004118236,,
199612,-1.7,3.24,0.9,0.63,1.51,0.46,,-0.017,0.0324,0.009,0.0063,0.0151,0.0046,,-0.021505415,-0.026105415,,,,,,-0.002627413,6.9033E-06,,-0.031208087,0.000973945,,
199701,4.98,-1.9,-1.64,0.93,-0.27,0.45,,0.0498,-0.019,-0.0164,0.0093,-0.0027,0.0045,,0.061317039,0.056817039,,,,,,0.005677653,3.22357E-05,,0.051714368,0.002674376,,
199702,-0.49,-2.52,5.19,0.85,3.4,0.39,,-0.0049,-0.0252,0.0519,0.0085,0.034,0.0039,,0.00592759,0.00202759,,,,,,0.001766498,3.12052E-06,,-0.003075081,9.45613E-06,,
199703,-5.02,-0.39,3.81,0.79,1.67,0.43,,-0.0502,-0.0039,0.0381,0.0079,0.0167,0.0043,,-0.04261401,-0.04691401,,,,,,0.003181472,1.01218E-05,,-0.052016682,0.002705735,,
199704,4.04,-5.74,-0.07,3.38,-0.91,0.43,,0.0404,-0.0574,-0.0007,0.0338,-0.0091,0.0043,,0.058405579,0.054105579,,,,,,0.004545525,2.06618E-05,,0.049002908,0.002401285,,
199705,6.74,4.64,-3.87,-1.15,-2.9,0.49,,0.0674,0.0464,-0.0387,-0.0115,-0.029,0.0049,,0.058576884,0.053676884,,,,,,-0.001497862,2.24359E-06,,0.048574213,0.002359454,,
199706,4.1,1.19,1.23,0.63,0.54,0.37,,0.041,0.0119,0.0123,0.0063,0.0054,0.0037,,0.043452616,0.039752616,,,,,,0.001672817,2.79832E-06,,0.034649944,0.001200619,,
199707,7.33,-2.82,0.84,-0.33,-2.54,0.43,,0.0733,-0.0282,0.0084,-0.0033,-0.0254,0.0043,,0.07814581,0.07384581,,,,,,-0.001408232,1.98312E-06,,0.068743138,0.004725619,,
199708,-4.15,7.63,1.38,-1.16,-0.03,0.41,,-0.0415,0.0763,0.0138,-0.0116,-0.0003,0.0041,,-0.057465632,-0.061565632,,,,,,-0.004521838,2.0447E-05,,-0.066668303,0.004444663,,
199709,5.35,2.56,0.02,-1.19,-0.91,0.44,,0.0535,0.0256,0.0002,-0.0119,-0.0091,0.0044,,0.05315359,0.04875359,,,,,,0.002344785,5.49802E-06,,0.043650919,0.001905403,,
199710,-3.8,-0.5,1.96,0.94,1.89,0.42,,-0.038,-0.005,0.0196,0.0094,0.0189,0.0042,,-0.034477697,-0.038677697,,,,,,-0.000787365,6.19944E-07,,-0.043780369,0.001916721,,
199711,2.98,-5.01,0.78,3.14,1.66,0.39,,0.0298,-0.0501,0.0078,0.0314,0.0166,0.0039,,0.044586855,0.040686855,,,,,,0.001829277,3.34625E-06,,0.035584183,0.001266234,,
199712,1.32,-2.02,3.46,0.93,1.91,0.48,,0.0132,-0.0202,0.0346,0.0093,0.0191,0.0048,,0.015731598,0.010931598,,,,,,-0.005726434,3.2792E-05,,0.005828926,3.39764E-05,,
199801,0.15,-1.39,-1.45,0.73,-0.83,0.43,,0.0015,-0.0139,-0.0145,0.0073,-0.0083,0.0043,,0.010150177,0.005850177,,,,,,0.004601031,2.11695E-05,,0.000747505,5.58764E-07,,
199802,7.04,0,-0.13,-0.85,-2.42,0.39,,0.0704,0,-0.0013,-0.0085,-0.0242,0.0039,,0.070449193,0.066549193,,,,,,-0.000631592,3.98908E-07,,0.061446522,0.003775675,,
199803,4.76,-0.63,1.06,-0.78,-0.48,0.39,,0.0476,-0.0063,0.0106,-0.0078,-0.0048,0.0039,,0.049945714,0.046045714,,,,,,-0.0003581,1.28236E-07,,0.040943043,0.001676333,,
199804,0.73,0,0.74,-2.02,-0.23,0.43,,0.0073,0,0.0074,-0.0202,-0.0023,0.0043,,0.009076469,0.004776469,,,,,,0.000786378,6.1839E-07,,-0.000326202,1.06408E-07,,
199805,-3.07,-3.14,4.16,0.58,2.54,0.4,,-0.0307,-0.0314,0.0416,0.0058,0.0254,0.004,,-0.018826224,-0.022826224,,,,,,0.0027239,7.41963E-06,,-0.027928895,0.000780023,,
199806,3.18,-3.63,-2.32,-0.36,-2.91,0.41,,0.0318,-0.0363,-0.0232,-0.0036,-0.0291,0.0041,,0.039438241,0.035338241,,,,,,0.001609847,2.59161E-06,,0.03023557,0.00091419,,
199807,-2.46,-5.35,-0.97,1.89,0.45,0.4,,-0.0246,-0.0535,-0.0097,0.0189,0.0045,0.004,,-0.011615327,-0.015615327,,,,,,0.001578865,2.49281E-06,,-0.020717998,0.000429235,,
199808,-16.08,-5.04,3.41,2.97,5.84,0.43,,-0.1608,-0.0504,0.0341,0.0297,0.0584,0.0043,,-0.145796719,-0.150096719,,,,,,0.000921793,8.49702E-07,,-0.15519939,0.024086851,,
199809,6.15,-0.86,-3.31,-1.44,-2.9,0.46,,0.0615,-0.0086,-0.0331,-0.0144,-0.029,0.0046,,0.062395516,0.057795516,,,,,,-0.000448007,2.0071E-07,,0.052692844,0.002776536,,
199810,7.13,-3.5,-2.2,0.76,0.27,0.32,,0.0713,-0.035,-0.022,0.0076,0.0027,0.0032,,0.080294228,0.077094228,,,,,,0.001636278,2.6774E-06,,0.071991557,0.005182784,,
199811,6.1,0.66,-3.14,-0.72,-1.15,0.31,,0.061,0.0066,-0.0314,-0.0072,-0.0115,0.0031,,0.059125996,0.056025996,,,,,,-0.000448433,2.01092E-07,,0.050923325,0.002593185,,
199812,6.16,-1.52,-4.46,-0.59,-3.35,0.38,,0.0616,-0.0152,-0.0446,-0.0059,-0.0335,0.0038,,0.056375287,0.052575287,,,,,,-0.006873975,4.72515E-05,,0.047472615,0.002253649,,
199901,3.5,-0.78,-4.03,-2.2,-6.88,0.35,,0.035,-0.0078,-0.0403,-0.022,-0.0688,0.0035,,0.041009442,0.037509442,,,,,,0.008510781,7.24334E-05,,0.03240677,0.001050199,,
199902,-4.08,-5.13,1.4,-1.7,4.09,0.35,,-0.0408,-0.0513,0.014,-0.017,0.0409,0.0035,,-0.032282563,-0.035782563,,,,,,-0.001927062,3.71357E-06,,-0.040885234,0.001671602,,
199903,3.45,-4.22,-2.64,-3.93,-1.38,0.43,,0.0345,-0.0422,-0.0264,-0.0393,-0.0138,0.0043,,0.038794215,0.034494215,,,,,,-0.001382112,1.91023E-06,,0.029391544,0.000863863,,
199904,4.33,4.77,2.51,-1.79,0.92,0.37,,0.0433,0.0477,0.0251,-0.0179,0.0092,0.0037,,0.037944028,0.034244028,,,,,,0.000690099,4.76237E-07,,0.029141357,0.000849219,,
199905,-2.46,3.76,2.4,1.04,3.34,0.34,,-0.0246,0.0376,0.024,0.0104,0.0334,0.0034,,-0.024970481,-0.028370481,,,,,,0.002206079,4.86678E-06,,-0.033473152,0.001120452,,
199906,4.77,2.25,-3.59,1.31,-3.39,0.4,,0.0477,0.0225,-0.0359,0.0131,-0.0339,0.004,,0.054438331,0.050438331,,,,,,0.009879695,9.76084E-05,,0.04533566,0.002055322,,
199907,-3.47,2.49,-0.77,0.37,3.09,0.38,,-0.0347,0.0249,-0.0077,0.0037,0.0309,0.0038,,-0.032046092,-0.035846092,,,,,,0.004148625,1.72111E-05,,-0.040948764,0.001676801,,
199908,-1.38,-1.92,-1.31,-0.12,0.32,0.39,,-0.0138,-0.0192,-0.0131,-0.0012,0.0032,0.0039,,-0.006254092,-0.010154092,,,,,,0.003132856,9.81478E-06,,-0.015256763,0.000232769,,
199909,-2.81,2.56,-3.39,-0.71,-1.03,0.39,,-0.0281,0.0256,-0.0339,-0.0071,-0.0103,0.0039,,-0.028551792,-0.032451792,,,,,,0.004109546,1.68884E-05,,-0.037554464,0.001410338,,
199910,6.13,-7.13,-2.88,-1.94,-1.27,0.39,,0.0613,-0.0713,-0.0288,-0.0194,-0.0127,0.0039,,0.062539542,0.058639542,,,,,,-0.010244086,0.000104941,,0.05353687,0.002866196,,
199911,3.37,5.92,-6.5,-3.83,-1.56,0.36,,0.0337,0.0592,-0.065,-0.0383,-0.0156,0.0036,,0.019061859,0.015461859,,,,,,-0.001915084,3.66755E-06,,0.010359187,0.000107313,,
199912,7.72,5.55,-8.67,-7.42,-5.16,0.44,,0.0772,0.0555,-0.0867,-0.0742,-0.0516,0.0044,,0.057843895,0.053443895,,,,,,-0.004164785,1.73454E-05,,0.048341223,0.002336874,,
200001,-4.74,4.12,-0.31,-5.94,4.68,0.41,,-0.0474,0.0412,-0.0031,-0.0594,0.0468,0.0041,,-0.050903549,-0.055003549,,,,,,0.003448507,1.18922E-05,,-0.06010622,0.003612758,,
200002,2.45,18.38,-9.93,-17.99,-0.51,0.43,,0.0245,0.1838,-0.0993,-0.1799,-0.0051,0.0043,,-0.020108083,-0.024408083,,,,,,-0.003115512,9.70642E-06,,-0.029510755,0.000870885,,
200003,5.2,-14.94,7.37,11.55,-1.06,0.47,,0.052,-0.1494,0.0737,0.1155,-0.0106,0.0047,,0.096719828,0.092019828,,,,,,0.008899378,7.91989E-05,,0.086917157,0.007554592,,
200004,-6.4,-5.65,8.6,6.8,5.24,0.46,,-0.064,-0.0565,0.086,0.068,0.0524,0.0046,,-0.030795756,-0.035395756,,,,,,0.01359631,0.00018486,,-0.040498427,0.001640123,,
200005,-4.42,-3.7,2.56,4.08,0.73,0.5,,-0.0442,-0.037,0.0256,0.0408,0.0073,0.005,,-0.021915051,-0.026915051,,,,,,0.01044091,0.000109013,,-0.032017722,0.001025135,,
200006,4.64,10.29,-9.86,-7.22,-3.06,0.4,,0.0464,0.1029,-0.0986,-0.0722,-0.0306,0.004,,0.02393355,0.01993355,,,,,,0.000471611,2.22417E-07,,0.014830878,0.000219955,,
200007,-2.51,-1,8.14,5.45,3,0.48,,-0.0251,-0.01,0.0814,0.0545,0.03,0.0048,,-0.016341276,-0.021141276,,,,,,-0.00184491,3.40369E-06,,-0.026243948,0.000688745,,
200008,7.03,-1.1,-0.68,-3.05,0.61,0.5,,0.0703,-0.011,-0.0068,-0.0305,0.0061,0.005,,0.060699105,0.055699105,,,,,,-0.013058425,0.000170522,,0.050596434,0.002559999,,
200009,-5.45,0.22,6.24,3.37,6.38,0.51,,-0.0545,0.0022,0.0624,0.0337,0.0638,0.0051,,-0.053482975,-0.058582975,,,,,,-0.007361077,5.41854E-05,,-0.063685646,0.004055862,,
200010,-2.76,-2.81,5.52,9.55,4.7,0.56,,-0.0276,-0.0281,0.0552,0.0955,0.047,0.0056,,-0.004949486,-0.010549486,,,,,,0.005766019,3.3247E-05,,-0.015652157,0.00024499,,
200011,-10.72,-0.47,11.3,12.82,8.51,0.51,,-0.1072,-0.0047,0.113,0.1282,0.0851,0.0051,,-0.08006861,-0.08516861,,,,,,0.010226025,0.000104572,,-0.090271281,0.008148904,,
200012,1.19,3.25,7.33,1.89,5.72,0.5,,0.0119,0.0325,0.0733,0.0189,0.0572,0.005,,0.004053446,-0.000946554,,,,,,-0.010841392,0.000117536,,-0.006049226,3.65931E-05,,
200101,3.13,5.75,-4.9,-4.89,-6.54,0.54,,0.0313,0.0575,-0.049,-0.0489,-0.0654,0.0054,,0.034636577,0.029236577,,,,,,0.016400108,0.000268964,,0.024133906,0.000582445,,
200102,-10.05,2.66,12.9,9.13,9.58,0.38,,-0.1005,0.0266,0.129,0.0913,0.0958,0.0038,,-0.092290736,-0.096090736,,,,,,-0.000974199,9.49063E-07,,-0.101193407,0.010240106,,
200103,-7.26,2.32,6.45,3.34,3.95,0.42,,-0.0726,0.0232,0.0645,0.0334,0.0395,0.0042,,-0.064204711,-0.068404711,,,,,,0.005561468,3.09299E-05,,-0.073507382,0.005403335,,
200104,7.94,-0.65,-4.69,-3.06,-3.97,0.39,,0.0794,-0.0065,-0.0469,-0.0306,-0.0397,0.0039,,0.076814362,0.072914362,,,,,,-0.001258112,1.58285E-06,,0.06781169,0.004598425,,
200105,0.72,3.6,3.14,0.46,2.19,0.32,,0.0072,0.036,0.0314,0.0046,0.0219,0.0032,,0.005090187,0.001890187,,,,,,0.000776563,6.0305E-07,,-0.003212484,1.03201E-05,,
200106,-1.94,6.6,-1.06,1.71,-1.8,0.28,,-0.0194,0.066,-0.0106,0.0171,-0.018,0.0028,,-0.025035389,-0.027835389,,,,,,0.004892906,2.39405E-05,,-0.032938061,0.001084916,,
200107,-2.13,-2.95,5.58,7.03,3,0.3,,-0.0213,-0.0295,0.0558,0.0703,0.03,0.003,,-0.01074015,-0.01374015,,,,,,-0.001779361,3.16613E-06,,-0.018842821,0.000355052,,
200108,-6.46,2.71,2.5,4.09,6.5,0.31,,-0.0646,0.0271,0.025,0.0409,0.065,0.0031,,-0.064108407,-0.067208407,,,,,,-0.001226574,1.50448E-06,,-0.072311078,0.005228892,,
200109,-9.25,-5.72,1.6,5.24,3.28,0.28,,-0.0925,-0.0572,0.016,0.0524,0.0328,0.0028,,-0.081723406,-0.084523406,,,,,,-0.003318053,1.10095E-05,,-0.089626077,0.008032834,,
200110,2.46,5.4,-8.1,-2.82,-4.6,0.22,,0.0246,0.054,-0.081,-0.0282,-0.046,0.0022,,0.018099111,0.015899111,,,,,,0.007978967,6.36639E-05,,0.01079644,0.000116563,,
200111,7.54,-0.27,2,-3.53,-1.66,0.17,,0.0754,-0.0027,0.02,-0.0353,-0.0166,0.0017,,0.075175904,0.073475904,,,,,,0.001532807,2.3495E-06,,0.068373233,0.004674899,,
200112,1.61,5.14,1.1,0.24,-0.32,0.15,,0.0161,0.0514,0.011,0.0024,-0.0032,0.0015,,0.007573834,0.006073834,,,,,,0.000261312,6.82842E-08,,0.000971163,9.43157E-07,,
200201,-1.44,1.2,3.33,4.42,2.84,0.14,,-0.0144,0.012,0.0333,0.0442,0.0284,0.0014,,-0.015573833,-0.016973833,,,,,,-0.002941606,8.65304E-06,,-0.022076504,0.000487372,,
200202,-2.29,-0.46,2.5,7.71,5.14,0.13,,-0.0229,-0.0046,0.025,0.0771,0.0514,0.0013,,-0.020766211,-0.022066211,,,,,,-0.004947813,2.44809E-05,,-0.027168883,0.000738148,,
200203,4.24,4.23,1.11,-1.93,0.58,0.13,,0.0424,0.0423,0.0111,-0.0193,0.0058,0.0013,,0.036738894,0.035438894,,,,,,0.002493121,6.21565E-06,,0.030336222,0.000920286,,
200204,-5.2,6.67,3.93,4.21,5.39,0.15,,-0.052,0.0667,0.0393,0.0421,0.0539,0.0015,,-0.061417626,-0.062917626,,,,,,-0.003083384,9.50726E-06,,-0.068020298,0.004626761,,
200205,-1.38,-3.06,1.69,2.43,2.41,0.14,,-0.0138,-0.0306,0.0169,0.0243,0.0241,0.0014,,-0.009081481,-0.010481481,,,,,,-0.00227138,5.15917E-06,,-0.015584152,0.000242866,,
200206,-7.21,3.85,0.13,3.84,2.54,0.13,,-0.0721,0.0385,0.0013,0.0384,0.0254,0.0013,,-0.072455354,-0.073755354,,,,,,0.004151766,1.72372E-05,,-0.078858026,0.006218588,,
200207,-8.18,-6.27,-3.41,3.84,-0.73,0.15,,-0.0818,-0.0627,-0.0341,0.0384,-0.0073,0.0015,,-0.079004275,-0.080504275,,,,,,-0.007137345,5.09417E-05,,-0.085606946,0.007328549,,
200208,0.5,-1.25,2.49,1.29,-1.61,0.14,,0.005,-0.0125,0.0249,0.0129,-0.0161,0.0014,,0.004881433,0.003481433,,,,,,-0.002067349,4.27393E-06,,-0.001621238,2.62841E-06,,
200209,-10.35,3.08,1.31,3.19,-2.29,0.14,,-0.1035,0.0308,0.0131,0.0319,-0.0229,0.0014,,-0.110024318,-0.111424318,,,,,,-0.000906303,8.21385E-07,,-0.11652699,0.013578539,,
200210,7.84,-4.08,-5.46,-2.95,0.92,0.14,,0.0784,-0.0408,-0.0546,-0.0295,0.0092,0.0014,,0.086448801,0.085048801,,,,,,0.004236674,1.79494E-05,,0.07994613,0.006391384,,
200211,5.96,2.91,-1.15,-9.15,5.16,0.12,,0.0596,0.0291,-0.0115,-0.0915,0.0516,0.0012,,0.057069621,0.055869621,,,,,,0.006288658,3.95472E-05,,0.05076695,0.002577283,,
200212,-5.76,0.48,2.25,6.06,-1.61,0.11,,-0.0576,0.0048,0.0225,0.0606,-0.0161,0.0011,,-0.060332573,-0.061432573,,,,,,-0.003759159,1.41313E-05,,-0.066535244,0.004426939,,
200301,-2.57,0.81,-0.93,-0.67,0.81,0.1,,-0.0257,0.0081,-0.0093,-0.0067,0.0081,0.001,,-0.027414693,-0.028414693,,,,,,0.001390915,1.93464E-06,,-0.033517364,0.001123414,,
200302,-1.88,-0.92,-1.46,0.72,-0.54,0.09,,-0.0188,-0.0092,-0.0146,0.0072,-0.0054,0.0009,,-0.017003609,-0.017903609,,,,,,0.001985798,3.94339E-06,,-0.02300628,0.000529289,,
200303,1.09,0.52,-2.09,1.49,-0.69,0.1,,0.0109,0.0052,-0.0209,0.0149,-0.0069,0.001,,0.008357569,0.007357569,,,,,,-0.000584774,3.41961E-07,,0.002254897,5.08456E-06,,
200304,8.22,1.03,1.03,-4.89,1.15,0.1,,0.0822,0.0103,0.0103,-0.0489,0.0115,0.001,,0.081044107,0.080044107,,,,,,0.003213301,1.03253E-05,,0.074941435,0.005616219,,
200305,6.05,4.84,-0.3,-6.78,3.22,0.09,,0.0605,0.0484,-0.003,-0.0678,0.0322,0.0009,,0.05089871,0.04999871,,,,,,0.001899728,3.60897E-06,,0.044896038,0.002015654,,
200306,1.42,1.66,0.66,0.51,-0.32,0.1,,0.0142,0.0166,0.0066,0.0051,-0.0032,0.001,,0.011322215,0.010322215,,,,,,0.000649811,4.22254E-07,,0.005219543,2.72436E-05,,
200307,2.35,4.77,-1.15,-4.14,1.89,0.07,,0.0235,0.0477,-0.0115,-0.0414,0.0189,0.0007,,0.016223702,0.015523702,,,,,,0.003862252,1.4917E-05,,0.010421031,0.000108598,,
200308,2.34,2.59,2.03,-2.42,2.19,0.07,,0.0234,0.0259,0.0203,-0.0242,0.0219,0.0007,,0.017873203,0.017173203,,,,,,5.52495E-05,3.0525E-09,,0.012070532,0.000145698,,
200309,-1.24,0.48,0.02,1.13,0.28,0.08,,-0.0124,0.0048,0.0002,0.0113,0.0028,0.0008,,-0.011944365,-0.012744365,,,,,,0.002011607,4.04656E-06,,-0.017847036,0.000318517,,
200310,6.08,2.68,1.76,-1.23,1.58,0.07,,0.0608,0.0268,0.0176,-0.0123,0.0158,0.0007,,0.054961486,0.054261486,,,,,,-0.000821654,6.75116E-07,,0.049158815,0.002416589,,
200311,1.35,2.19,1.86,0.18,1.69,0.07,,0.0135,0.0219,0.0186,0.0018,0.0169,0.0007,,0.007128504,0.006428504,,,,,,-0.002650915,7.02735E-06,,0.001325832,1.75783E-06,,
200312,4.29,-2.71,2.42,-0.26,1,0.08,,0.0429,-0.0271,0.0242,-0.0026,0.01,0.0008,,0.050765541,0.049965541,,,,,,0.003577419,1.27979E-05,,0.04486287,0.002012677,,
200401,2.15,2.55,1.97,-3.69,3.34,0.07,,0.0215,0.0255,0.0197,-0.0369,0.0334,0.0007,,0.017276387,0.016576387,,,,,,0.001582216,2.50341E-06,,0.011473716,0.000131646,,
200402,1.4,-0.89,0.49,2.48,-1.35,0.06,,0.014,-0.0089,0.0049,0.0248,-0.0135,0.0006,,0.012208973,0.011608973,,,,,,-0.002743289,7.52563E-06,,0.006506302,4.2332E-05,,
200403,-1.32,2.13,0.21,1.76,-1.04,0.09,,-0.0132,0.0213,0.0021,0.0176,-0.0104,0.0009,,-0.016358919,-0.017258919,,,,,,0.001171059,1.37138E-06,,-0.022361591,0.000500041,,
200404,-1.83,-2.19,-2.62,3.61,-2.82,0.08,,-0.0183,-0.0219,-0.0262,0.0361,-0.0282,0.0008,,-0.016790752,-0.017590752,,,,,,-0.000732817,5.37021E-07,,-0.022693423,0.000514991,,
200405,1.17,-0.38,-0.39,-1.07,-0.09,0.06,,0.0117,-0.0038,-0.0039,-0.0107,-0.0009,0.0006,,0.01208345,0.01148345,,,,,,0.002087418,4.35731E-06,,0.006380779,4.07143E-05,,
200406,1.86,2.57,1.38,1.04,-0.39,0.08,,0.0186,0.0257,0.0138,0.0104,-0.0039,0.0008,,0.017988999,0.017188999,,,,,,0.004105013,1.68511E-05,,0.012086327,0.000146079,,
200407,-4.06,-3.03,4.1,4.9,-1.64,0.1,,-0.0406,-0.0303,0.041,0.049,-0.0164,0.001,,-0.034290519,-0.035290519,,,,,,-0.000312683,9.77706E-08,,-0.040393191,0.00163161,,
200408,0.08,-1.29,1.03,1.11,-1.42,0.11,,0.0008,-0.0129,0.0103,0.0111,-0.0142,0.0011,,0.00228735,0.00118735,,,,,,0.000207369,4.30018E-08,,-0.003915322,1.53297E-05,,
200409,1.6,3.29,-0.25,-1.59,-1.88,0.11,,0.016,0.0329,-0.0025,-0.0159,-0.0188,0.0011,,0.009363876,0.008263876,,,,,,0.001625725,2.64298E-06,,0.003161204,9.99321E-06,,
200410,1.43,0.27,-0.62,-0.33,0.41,0.11,,0.0143,0.0027,-0.0062,-0.0033,0.0041,0.0011,,0.014014244,0.012914244,,,,,,0.001362829,1.8573E-06,,0.007811572,6.10207E-05,,
200411,4.54,4.15,1.79,-1.07,-0.23,0.15,,0.0454,0.0415,0.0179,-0.0107,-0.0023,0.0015,,0.038594936,0.037094936,,,,,,0.00065661,4.31136E-07,,0.031992265,0.001023505,,
200412,3.43,0,-0.06,-1.19,0.5,0.16,,0.0343,0,-0.0006,-0.0119,0.005,0.0016,,0.032458213,0.030858213,,,,,,-0.000985916,9.72029E-07,,0.025755542,0.000663348,,
200501,-2.76,-1.13,1.97,2.85,-1.37,0.16,,-0.0276,-0.0113,0.0197,0.0285,-0.0137,0.0016,,-0.025290467,-0.026890467,,,,,,-0.000252371,6.36913E-08,,-0.031993138,0.001023561,,
200502,1.89,-0.33,1.63,0.63,-0.06,0.16,,0.0189,-0.0033,0.0163,0.0063,-0.0006,0.0016,,0.018903346,0.017303346,,,,,,-0.000819184,6.71063E-07,,0.012200675,0.000148856,,
200503,-1.97,-1.39,1.58,0.8,1.1,0.21,,-0.0197,-0.0139,0.0158,0.008,0.011,0.0021,,-0.019117656,-0.021217656,,,,,,-0.002731922,7.4634E-06,,-0.026320327,0.00069276,,
200504,-2.61,-4.04,-0.34,0.74,-0.88,0.21,,-0.0261,-0.0404,-0.0034,0.0074,-0.0088,0.0021,,-0.020108582,-0.022208582,,,,,,-0.000237687,5.64952E-08,,-0.027311253,0.000745905,,
200505,3.65,2.73,-0.81,-1.16,0.27,0.24,,0.0365,0.0273,-0.0081,-0.0116,0.0027,0.0024,,0.029952046,0.027552046,,,,,,-0.001744979,3.04495E-06,,0.022449375,0.000503974,,
200506,0.57,3.26,2.62,0.91,-0.53,0.23,,0.0057,0.0326,0.0262,0.0091,-0.0053,0.0023,,-0.000142714,-0.002442714,,,,,,-0.001551997,2.40869E-06,,-0.007545386,5.69328E-05,,
200507,3.92,2.8,-0.51,-1.24,-0.98,0.24,,0.0392,0.028,-0.0051,-0.0124,-0.0098,0.0024,,0.035968287,0.033568287,,,,,,0.002178908,4.74764E-06,,0.028465616,0.000810291,,
200508,-1.22,-0.85,1.27,-2.06,0.45,0.3,,-0.0122,-0.0085,0.0127,-0.0206,0.0045,0.003,,-0.011222105,-0.014222105,,,,,,-0.000343338,1.17881E-07,,-0.019324776,0.000373447,,
200509,0.49,-0.34,0.77,0.22,-0.57,0.29,,0.0049,-0.0034,0.0077,0.0022,-0.0057,0.0029,,0.006949025,0.004049025,,,,,,0.000722977,5.22696E-07,,-0.001053647,1.11017E-06,,
200510,-2.02,-1.41,0.23,-0.81,-1.26,0.27,,-0.0202,-0.0141,0.0023,-0.0081,-0.0126,0.0027,,-0.01774078,-0.02044078,,,,,,0.000852549,7.2684E-07,,-0.025543451,0.000652468,,
200511,3.61,0.79,-1.18,-0.8,-1.17,0.31,,0.0361,0.0079,-0.0118,-0.008,-0.0117,0.0031,,0.035186096,0.032086096,,,,,,0.000507076,2.57126E-07,,0.026983425,0.000728105,,
200512,-0.25,-0.28,0.44,0.07,0.21,0.32,,-0.0025,-0.0028,0.0044,0.0007,0.0021,0.0032,,-0.000952349,-0.004152349,,,,,,-7.95291E-05,6.32488E-09,,-0.00925502,8.56554E-05,,
200601,3.04,5.78,1.12,-0.92,-0.53,0.35,,0.0304,0.0578,0.0112,-0.0092,-0.0053,0.0035,,0.025466771,0.021966771,,,,,,0.003558518,1.26631E-05,,0.0168641,0.000284398,,
200602,-0.3,-0.43,-0.25,-0.53,2.03,0.34,,-0.003,-0.0043,-0.0025,-0.0053,0.0203,0.0034,,0.000453158,-0.002946842,,,,,,0.001123903,1.26316E-06,,-0.008049514,6.47947E-05,,
200603,1.46,3.43,0.61,-0.24,-0.53,0.37,,0.0146,0.0343,0.0061,-0.0024,-0.0053,0.0037,,0.01109581,0.00739581,,,,,,0.000785669,6.17276E-07,,0.002293139,5.25849E-06,,
200604,0.73,-0.82,2.59,1.21,-0.2,0.36,,0.0073,-0.0082,0.0259,0.0121,-0.002,0.0036,,0.012155653,0.008555653,,,,,,0.000800973,6.41558E-07,,0.003452981,1.19231E-05,,
200605,-3.57,-2.97,2.55,1.15,1.31,0.43,,-0.0357,-0.0297,0.0255,0.0115,0.0131,0.0043,,-0.030916916,-0.035216916,,,,,,-0.003735532,1.39542E-05,,-0.040319588,0.001625669,,
200606,-0.35,-0.24,0.87,1.24,-0.12,0.4,,-0.0035,-0.0024,0.0087,0.0124,-0.0012,0.004,,8.65962E-05,-0.003913404,,,,,,0.000569439,3.24261E-07,,-0.009016075,8.12896E-05,,
200607,-0.78,-3.7,2.94,1.55,0.93,0.4,,-0.0078,-0.037,0.0294,0.0155,0.0093,0.004,,0.005085879,0.001085879,,,,,,0.003041612,9.2514E-06,,-0.004016793,1.61346E-05,,
200608,2.03,0.45,-1.72,-1.74,2.15,0.42,,0.0203,0.0045,-0.0172,-0.0174,0.0215,0.0042,,0.021274193,0.017074193,,,,,,0.000128747,1.65759E-08,,0.011971522,0.000143317,,
200609,1.84,-1.43,0.05,1.02,0.54,0.41,,0.0184,-0.0143,0.0005,0.0102,0.0054,0.0041,,0.024566299,0.020466299,,,,,,0.000945584,8.94129E-07,,0.015363627,0.000236041,,
200610,3.23,1.94,-0.04,-0.17,0.24,0.41,,0.0323,0.0194,-0.0004,-0.0017,0.0024,0.0041,,0.031508003,0.027408003,,,,,,0.000273751,7.49396E-08,,0.022305332,0.000497528,,
200611,1.71,0.83,0.07,0.27,-0.87,0.42,,0.0171,0.0083,0.0007,0.0027,-0.0087,0.0042,,0.016466657,0.012266657,,,,,,-0.00116421,1.35539E-06,,0.007163985,5.13227E-05,,
200612,0.87,-0.8,3.16,-0.82,2.05,0.4,,0.0087,-0.008,0.0316,-0.0082,0.0205,0.004,,0.012615783,0.008615783,,,,,,-0.000432445,1.87008E-07,,0.003513111,1.2342E-05,,
200701,1.4,0.09,-0.11,0.42,0.23,0.44,,0.014,0.0009,-0.0011,0.0042,0.0023,0.0044,,0.014059043,0.009659043,,,,,,-0.002385596,5.69107E-06,,0.004556371,2.07605E-05,,
200702,-1.96,1.4,-0.09,-0.49,-0.75,0.38,,-0.0196,0.014,-0.0009,-0.0049,-0.0075,0.0038,,-0.021846176,-0.025646176,,,,,,-0.000665442,4.42813E-07,,-0.030748847,0.000945492,,
200703,0.68,0.06,-0.22,0.28,-0.61,0.43,,0.0068,0.0006,-0.0022,0.0028,-0.0061,0.0043,,0.009979983,0.005679983,,,,,,0.001329092,1.76649E-06,,0.000577311,3.33289E-07,,
200704,3.49,-2.02,-1.15,1.04,1.01,0.44,,0.0349,-0.0202,-0.0115,0.0104,0.0101,0.0044,,0.043290691,0.038890691,,,,,,0.001838968,3.3818E-06,,0.033788019,0.00114163,,
200705,3.24,0.31,-0.05,1.21,-1.3,0.41,,0.0324,0.0031,-0.0005,0.0121,-0.013,0.0041,,0.032549229,0.028449229,,,,,,-0.00161899,2.62113E-06,,0.023346557,0.000545062,,
200706,-1.96,0.74,-1.13,0.55,0.07,0.4,,-0.0196,0.0074,-0.0113,0.0055,0.0007,0.004,,-0.017816322,-0.021816322,,,,,,0.001363843,1.86007E-06,,-0.026918994,0.000724632,,
200707,-3.73,-2.9,-3.34,0.47,-1.04,0.4,,-0.0373,-0.029,-0.0334,0.0047,-0.0104,0.004,,-0.031981878,-0.035981878,,,,,,0.0001621,2.62764E-08,,-0.04108455,0.00168794,,
200708,0.92,-0.37,-2.24,-1.19,-0.55,0.42,,0.0092,-0.0037,-0.0224,-0.0119,-0.0055,0.0042,,0.012863572,0.008663572,,,,,,0.002550472,6.50491E-06,,0.0035609,1.268E-05,,
200709,3.22,-2.46,-1.87,-0.72,-3.17,0.32,,0.0322,-0.0246,-0.0187,-0.0072,-0.0317,0.0032,,0.035794008,0.032594008,,,,,,0.000601634,3.61963E-07,,0.027491337,0.000755774,,
200710,1.8,0,-2.59,-0.43,-0.1,0.32,,0.018,0,-0.0259,-0.0043,-0.001,0.0032,,0.014822338,0.011622338,,,,,,-0.003322438,1.10386E-05,,0.006519667,4.25061E-05,,
200711,-4.83,-2.88,-1.18,1.82,-0.33,0.34,,-0.0483,-0.0288,-0.0118,0.0182,-0.0033,0.0034,,-0.044043417,-0.047443417,,,,,,-0.001834481,3.36532E-06,,-0.052546089,0.002761091,,
200712,-0.87,0.17,-0.52,0.88,-1.09,0.27,,-0.0087,0.0017,-0.0052,0.0088,-0.0109,0.0027,,-0.008628509,-0.011328509,,,,,,6.86929E-05,4.71871E-09,,-0.01643118,0.000269984,,
200801,-6.36,-0.49,3.65,2.2,2.2,0.21,,-0.0636,-0.0049,0.0365,0.022,0.022,0.0021,,-0.061163432,-0.063263432,,,,,,-0.000844888,7.13836E-07,,-0.068366103,0.004673924,,
200802,-3.09,-0.52,-0.95,1.01,-1.07,0.13,,-0.0309,-0.0052,-0.0095,0.0101,-0.0107,0.0013,,-0.034761193,-0.036061193,,,,,,-0.003376388,1.14E-05,,-0.041163864,0.001694464,,
200803,-0.93,0.74,-0.15,1.09,0.47,0.17,,-0.0093,0.0074,-0.0015,0.0109,0.0047,0.0017,,-0.005959624,-0.007659624,,,,,,0.004380672,1.91903E-05,,-0.012762295,0.000162876,,
200804,4.6,-1.1,-0.96,1.58,-2.56,0.18,,0.046,-0.011,-0.0096,0.0158,-0.0256,0.0018,,0.047546698,0.045746698,,,,,,0.000195738,3.83135E-08,,0.040644027,0.001651937,,
200805,1.86,3.24,-1.38,1.15,0.04,0.18,,0.0186,0.0324,-0.0138,0.0115,0.0004,0.0018,,0.010674182,0.008874182,,,,,,-0.002656963,7.05945E-06,,0.00377151,1.42243E-05,,
200806,-8.44,1.1,-2.43,4.56,-0.42,0.17,,-0.0844,0.011,-0.0243,0.0456,-0.0042,0.0017,,-0.085962385,-0.087662385,,,,,,-0.000356937,1.27404E-07,,-0.092765056,0.008605356,,
200807,-0.77,3.7,5.81,-0.84,1.06,0.15,,-0.0077,0.037,0.0581,-0.0084,0.0106,0.0015,,-0.009859371,-0.011359371,,,,,,0.003315378,1.09917E-05,,-0.016462042,0.000270999,,
200808,1.53,3.41,1.56,1.7,0.82,0.13,,0.0153,0.0341,0.0156,0.017,0.0082,0.0013,,0.012190465,0.010890465,,,,,,0.001550518,2.40411E-06,,0.005787793,3.34985E-05,,
200809,-9.24,0.37,6.33,2.9,1.82,0.15,,-0.0924,0.0037,0.0633,0.029,0.0182,0.0015,,-0.090791434,-0.092291434,,,,,,-0.000333382,1.11143E-07,,-0.097394105,0.009485612,,
200810,-17.23,-3.23,-2.9,3.38,1.89,0.08,,-0.1723,-0.0323,-0.029,0.0338,0.0189,0.0008,,-0.169424524,-0.170224524,,,,,,-0.001536517,2.36088E-06,,-0.175327195,0.030739625,,
200811,-7.86,-3.91,-5.94,4.75,2.72,0.03,,-0.0786,-0.0391,-0.0594,0.0475,0.0272,0.0003,,-0.074849043,-0.075149043,,,,,,-0.002530972,6.40582E-06,,-0.080251714,0.006440338,,
200812,1.74,3.36,-0.24,-0.07,-1.41,0,,0.0174,0.0336,-0.0024,-0.0007,-0.0141,0,,0.007821577,0.007821577,,,,,,-0.00123,1.5129E-06,,0.002718905,7.39245E-06,,
200901,-8.12,-2.09,-11.1,0.12,-1.19,0,,-0.0812,-0.0209,-0.111,0.0012,-0.0119,0,,-0.085657343,-0.085657343,,,,,,-0.001632051,2.66359E-06,,-0.090760014,0.00823738,,
200902,-10.1,-1.19,-7.25,1.55,-1.11,0.01,,-0.101,-0.0119,-0.0725,0.0155,-0.0111,0.0001,,-0.109931198,-0.110031198,,,,,,-0.006416866,4.11762E-05,,-0.115133869,0.013255808,,
200903,8.95,0.67,3.52,-2.29,-2.25,0.02,,0.0895,0.0067,0.0352,-0.0229,-0.0225,0.0002,,0.085404462,0.085204462,,,,,,-0.000289592,8.38638E-08,,0.08010179,0.006416297,,
200904,10.19,6.75,5.46,0.46,0.14,0.01,,0.1019,0.0675,0.0546,0.0046,0.0014,0.0001,,0.09392508,0.09382508,,,,,,0.002645663,6.99953E-06,,0.088722408,0.007871666,,
200905,5.21,-2.33,-0.21,-1.08,-2.12,0,,0.0521,-0.0233,-0.0021,-0.0108,-0.0212,0,,0.053081446,0.053081446,,,,,,0.000557573,3.10888E-07,,0.047978775,0.002301963,,
200906,0.43,2.29,-2.71,-1.1,-0.16,0.01,,0.0043,0.0229,-0.0271,-0.011,-0.0016,0.0001,,0.000195827,9.58265E-05,,,,,,0.003200866,1.02455E-05,,-0.005006845,2.50685E-05,,
200907,7.72,2.45,5.27,-0.72,3.21,0.01,,0.0772,0.0245,0.0527,-0.0072,0.0321,0.0001,,0.074141727,0.074041727,,,,,,0.000121587,1.47834E-08,,0.068939056,0.004752593,,
200908,3.33,0.03,7.76,-3.08,3.2,0.01,,0.0333,0.0003,0.0776,-0.0308,0.032,0.0001,,0.033560189,0.033460189,,,,,,0.000632782,4.00413E-07,,0.028357518,0.000804149,,
200909,4.08,2.69,0.92,1.5,0.4,0.01,,0.0408,0.0269,0.0092,0.015,0.004,0.0001,,0.035723346,0.035623346,,,,,,-0.000165614,2.74279E-08,,0.030520674,0.000931512,,
200910,-2.59,-4.79,-4.18,4.33,-1.68,0,,-0.0259,-0.0479,-0.0418,0.0433,-0.0168,0,,-0.019762001,-0.019762001,,,,,,-4.50625E-05,2.03063E-09,,-0.024864672,0.000618252,,
200911,5.56,-2.81,-0.17,0.8,0.15,0,,0.0556,-0.0281,-0.0017,0.008,0.0015,0,,0.057364062,0.057364062,,,,,,-0.001605617,2.57801E-06,,0.052261391,0.002731253,,
200912,2.75,6.24,0.01,0.41,-0.08,0.01,,0.0275,0.0624,0.0001,0.0041,-0.0008,0.0001,,0.017770571,0.017670571,,,,,,0.00223729,5.00547E-06,,0.0125679,0.000157952,,
201001,-3.36,0.31,0.31,-1.15,0.43,0,,-0.0336,0.0031,0.0031,-0.0115,0.0043,0,,-0.036974246,-0.036974246,,,,,,0.000116244,1.35126E-08,,-0.042076918,0.001770467,,
201002,3.4,1.47,3.17,-0.37,1.41,0,,0.034,0.0147,0.0317,-0.0037,0.0141,0,,0.028513689,0.028513689,,,,,,-0.002318586,5.37584E-06,,0.023411018,0.000548076,,
201003,6.31,1.8,2.1,-0.46,1.69,0.01,,0.0631,0.018,0.021,-0.0046,0.0169,0.0001,,0.058796426,0.058696426,,,,,,-0.00075068,5.6352E-07,,0.053593755,0.002872291,,
201004,2,5.05,2.81,1,1.72,0.01,,0.02,0.0505,0.0281,0.01,0.0172,0.0001,,0.01475923,0.01465923,,,,,,0.002983272,8.89991E-06,,0.009556558,9.13278E-05,,
201005,-7.89,0.05,-2.38,1.25,-0.22,0.01,,-0.0789,0.0005,-0.0238,0.0125,-0.0022,0.0001,,-0.081975842,-0.082075842,,,,,,-0.000170047,2.8916E-08,,-0.087178513,0.007600093,,
201006,-5.56,-2.54,-4.5,-0.25,-1.52,0.01,,-0.0556,-0.0254,-0.045,-0.0025,-0.0152,0.0001,,-0.053882442,-0.053982442,,,,,,0.002154404,4.64145E-06,,-0.059085113,0.003491051,,
201007,6.93,0.08,-0.26,0.33,1.99,0.01,,0.0693,0.0008,-0.0026,0.0033,0.0199,0.0001,,0.06877785,0.06867785,,,,,,0.000142346,2.02623E-08,,0.063575179,0.004041803,,
201008,-4.77,-3.11,-1.96,0.54,-1.7,0.01,,-0.0477,-0.0311,-0.0196,0.0054,-0.017,0.0001,,-0.047449184,-0.047549184,,,,,,-0.001362676,1.85688E-06,,-0.052651855,0.002772218,,
201009,9.54,3.73,-3.12,-0.15,0.48,0.01,,0.0954,0.0373,-0.0312,-0.0015,0.0048,0.0001,,0.087551103,0.087451103,,,,,,0.000262587,6.8952E-08,,0.082348432,0.006781264,,
201010,3.88,0.79,-2.59,1.39,-0.23,0.01,,0.0388,0.0079,-0.0259,0.0139,-0.0023,0.0001,,0.036855994,0.036755994,,,,,,0.001093043,1.19474E-06,,0.031653323,0.001001933,,
201011,0.6,3.59,-0.9,0.33,1.63,0.01,,0.006,0.0359,-0.009,0.0033,0.0163,0.0001,,-0.00229025,-0.00239025,,,,,,-0.000957804,9.17389E-07,,-0.007492921,5.61439E-05,,
201012,6.82,0.96,3.82,-3.64,3.23,0.01,,0.0682,0.0096,0.0382,-0.0364,0.0323,0.0001,,0.06530004,0.06520004,,,,,,1.45165E-05,2.1073E-10,,0.060097369,0.003611694,,
201101,1.99,-2.39,0.83,-0.82,0.7,0.01,,0.0199,-0.0239,0.0083,-0.0082,0.007,0.0001,,0.022645574,0.022545574,,,,,,0.000762281,5.81073E-07,,0.017442903,0.000304255,,
201102,3.49,1.64,1.08,-1.99,0.94,0.01,,0.0349,0.0164,0.0108,-0.0199,0.0094,0.0001,,0.031956564,0.031856564,,,,,,0.002101894,4.41796E-06,,0.026753893,0.000715771,,
201103,0.45,2.67,-1.57,1.56,-0.03,0.01,,0.0045,0.0267,-0.0157,0.0156,-0.0003,0.0001,,-0.001047313,-0.001147313,,,,,,0.000444408,1.97498E-07,,-0.006249985,3.90623E-05,,
201104,2.9,-0.51,-2.53,1.13,-0.85,0,,0.029,-0.0051,-0.0253,0.0113,-0.0085,0,,0.02849538,0.02849538,,,,,,0.000991693,9.83455E-07,,0.023392709,0.000547219,,
201105,-1.27,-0.68,-2.07,2,-1.5,0,,-0.0127,-0.0068,-0.0207,0.02,-0.015,0,,-0.013500953,-0.013500953,,,,,,0.000437878,1.91737E-07,,-0.018603624,0.000346095,,
201106,-1.75,0.09,-0.33,2.34,-1.46,0,,-0.0175,0.0009,-0.0033,0.0234,-0.0146,0,,-0.018257461,-0.018257461,,,,,,0.001127873,1.2721E-06,,-0.023360133,0.000545696,,
201107,-2.36,-1.28,-1.23,2.39,-1.82,0,,-0.0236,-0.0128,-0.0123,0.0239,-0.0182,0,,-0.021474426,-0.021474426,,,,,,0.002167569,4.69836E-06,,-0.026577097,0.000706342,,
201108,-5.99,-3.21,-2.44,3.16,-0.23,0.01,,-0.0599,-0.0321,-0.0244,0.0316,-0.0023,0.0001,,-0.056791107,-0.056891107,,,,,,-0.000644081,4.1484E-07,,-0.061993779,0.003843229,,
201109,-7.59,-3.74,-1.46,1.9,0.23,0,,-0.0759,-0.0374,-0.0146,0.019,0.0023,0,,-0.071761988,-0.071761988,,,,,,5.94497E-05,3.53427E-09,,-0.07686466,0.005908176,,
201110,11.35,3.57,-0.17,-1.96,-0.85,0,,0.1135,0.0357,-0.0017,-0.0196,-0.0085,0,,0.107723039,0.107723039,,,,,,0.002918191,8.51584E-06,,0.102620367,0.01053094,,
201111,-0.28,-0.27,-0.34,1.76,1.52,0,,-0.0028,-0.0027,-0.0034,0.0176,0.0152,0,,-0.005058715,-0.005058715,,,,,,-0.002049524,4.20055E-06,,-0.010161387,0.000103254,,
201112,0.74,-0.45,1.75,0.78,2.39,0,,0.0074,-0.0045,0.0175,0.0078,0.0239,0,,0.008532764,0.008532764,,,,,,0.000627133,3.93296E-07,,0.003430093,1.17655E-05,,
201201,5.05,2.16,-1.11,-1.84,-1.38,0,,0.0505,0.0216,-0.0111,-0.0184,-0.0138,0,,0.043583062,0.043583062,,,,,,0.000424471,1.80175E-07,,0.038480391,0.00148074,,
201202,4.42,-1.63,0.09,-0.21,-0.08,0,,0.0442,-0.0163,0.0009,-0.0021,-0.0008,0,,0.040589464,0.040589464,,,,,,-0.004297578,1.84692E-05,,0.035486793,0.001259312,,
201203,3.11,-0.44,0.87,-0.39,0.79,0,,0.0311,-0.0044,0.0087,-0.0039,0.0079,0,,0.031332315,0.031332315,,,,,,0.001151159,1.32517E-06,,0.026229643,0.000687994,,
201204,-0.85,-0.58,-0.46,1.1,0.65,0,,-0.0085,-0.0058,-0.0046,0.011,0.0065,0,,-0.007497453,-0.007497453,,,,,,0.001557514,2.42585E-06,,-0.012600124,0.000158763,,
201205,-6.19,-0.09,-0.62,2.27,2.37,0.01,,-0.0619,-0.0009,-0.0062,0.0227,0.0237,0.0001,,-0.062650726,-0.062750726,,,,,,-0.000416857,1.73769E-07,,-0.067853397,0.004604083,,
201206,3.89,0.95,0.44,-1.23,0.34,0,,0.0389,0.0095,0.0044,-0.0123,0.0034,0,,0.039554982,0.039554982,,,,,,0.004599295,2.11535E-05,,0.034452311,0.001186962,,
201207,0.79,-2.64,-0.26,1.14,0.1,0,,0.0079,-0.0264,-0.0026,0.0114,0.001,0,,0.012597574,0.012597574,,,,,,0.001879229,3.5315E-06,,0.007494903,5.61736E-05,,
201208,2.55,0.46,1.32,-1.19,-0.75,0.01,,0.0255,0.0046,0.0132,-0.0119,-0.0075,0.0001,,0.01976337,0.01966337,,,,,,-0.002350615,5.52539E-06,,0.014560698,0.000212014,,
201209,2.73,0.68,1.54,-1.36,1.58,0.01,,0.0273,0.0068,0.0154,-0.0136,0.0158,0.0001,,0.024236154,0.024136154,,,,,,-0.000303091,9.1864E-08,,0.019033482,0.000362273,,
201210,-1.76,-0.8,3.79,-1.35,2.29,0.01,,-0.0176,-0.008,0.0379,-0.0135,0.0229,0.0001,,-0.01978941,-0.01988941,,,,,,-0.002349116,5.51835E-06,,-0.024992081,0.000624604,,
201211,0.78,0.35,-0.96,0.68,0.93,0.01,,0.0078,0.0035,-0.0096,0.0068,0.0093,0.0001,,0.002846717,0.002746717,,,,,,-0.002858276,8.16974E-06,,-0.002355954,5.55052E-06,,
201212,1.18,1.87,3.56,-1.98,0.86,0.01,,0.0118,0.0187,0.0356,-0.0198,0.0086,0.0001,,0.00706823,0.00696823,,,,,,0.000297198,8.83267E-08,,0.001865559,3.48031E-06,,
201301,5.57,0.55,0.95,-1.66,1.49,0,,0.0557,0.0055,0.0095,-0.0166,0.0149,0,,0.050428097,0.050428097,,,,,,-0.002512182,6.31106E-06,,0.045325425,0.002054394,,
201302,1.29,-0.37,0.03,-0.69,0.47,0,,0.0129,-0.0037,0.0003,-0.0069,0.0047,0,,0.011060649,0.011060649,,,,,,-0.000108232,1.17142E-08,,0.005957978,3.54975E-05,,
201303,4.03,0.77,-0.29,0.08,1.37,0,,0.0403,0.0077,-0.0029,0.0008,0.0137,0,,0.035987724,0.035987724,,,,,,-0.001723112,2.96911E-06,,0.030885052,0.000953886,,
201304,1.55,-2.29,0.63,0.08,0.49,0,,0.0155,-0.0229,0.0063,0.0008,0.0049,0,,0.018085768,0.018085768,,,,,,0.000511468,2.61599E-07,,0.012983096,0.000168561,,
201305,2.8,2.07,2.6,-1.64,-0.8,0,,0.028,0.0207,0.026,-0.0164,-0.008,0,,0.020762812,0.020762812,,,,,,-0.001159265,1.34389E-06,,0.01566014,0.00024524,,
201306,-1.2,1.41,-0.18,-0.33,-0.07,0,,-0.012,0.0141,-0.0018,-0.0033,-0.0007,0,,-0.014999302,-0.014999302,,,,,,0.001959995,3.84158E-06,,-0.020101973,0.000404089,,
201307,5.65,1.81,0.56,-1.49,0.58,0,,0.0565,0.0181,0.0056,-0.0149,0.0058,0,,0.04946208,0.04946208,,,,,,-0.001816686,3.30035E-06,,0.044359408,0.001967757,,
201308,-2.71,-0.01,-2.78,0.57,-2.17,0,,-0.0271,-0.0001,-0.0278,0.0057,-0.0217,0,,-0.031298019,-0.031298019,,,,,,-0.000398713,1.58972E-07,,-0.03640069,0.00132501,,
201309,3.77,2.67,-1.19,-0.68,-1.29,0,,0.0377,0.0267,-0.0119,-0.0068,-0.0129,0,,0.029749523,0.029749523,,,,,,-0.000366401,1.3425E-07,,0.024646852,0.000607467,,
201310,4.18,-1.5,1.14,2.67,0.89,0,,0.0418,-0.015,0.0114,0.0267,0.0089,0,,0.044595753,0.044595753,,,,,,-6.77136E-05,4.58513E-09,,0.039493081,0.001559703,,
201311,3.12,1.36,0.24,0.07,0.07,0,,0.0312,0.0136,0.0024,0.0007,0.0007,0,,0.028049472,0.028049472,,,,,,0.000929886,8.64688E-07,,0.0229468,0.000526556,,
201312,2.81,-0.53,-0.31,-0.52,0.07,0,,0.0281,-0.0053,-0.0031,-0.0052,0.0007,0,,0.023562792,0.023562792,,,,,,-0.003046855,9.28333E-06,,0.01846012,0.000340776,,
201401,-3.32,0.59,-2.09,-4.03,-1.38,0,,-0.0332,0.0059,-0.0209,-0.0403,-0.0138,0,,-0.035582906,-0.035582906,,,,,,0.004687458,2.19723E-05,,-0.040685577,0.001655316,,
201402,4.65,0.14,-0.4,-0.26,-0.44,0,,0.0465,0.0014,-0.004,-0.0026,-0.0044,0,,0.04311703,0.04311703,,,,,,-0.000865623,7.49303E-07,,0.038014359,0.001445091,,
201403,0.43,-1.18,5.08,2.17,1.89,0,,0.0043,-0.0118,0.0508,0.0217,0.0189,0,,0.006932166,0.006932166,,,,,,-0.000508292,2.5836E-07,,0.001829494,3.34705E-06,,
201404,-0.19,-4.17,1.14,3.51,1.05,0,,-0.0019,-0.0417,0.0114,0.0351,0.0105,0,,0.006200789,0.006200789,,,,,,0.000664813,4.41976E-07,,0.001098118,1.20586E-06,,
201405,2.06,-1.9,-0.27,0.13,-1.06,0,,0.0206,-0.019,-0.0027,0.0013,-0.0106,0,,0.02103028,0.02103028,,,,,,-0.000172262,2.96742E-08,,0.015927609,0.000253689,,
201406,2.61,3.09,-0.74,-2.01,-1.94,0,,0.0261,0.0309,-0.0074,-0.0201,-0.0194,0,,0.019058332,0.019058332,,,,,,0.002302026,5.29933E-06,,0.01395566,0.00019476,,
201407,-2.04,-4.26,0.01,0.95,0.48,0,,-0.0204,-0.0426,0.0001,0.0095,0.0048,0,,-0.015079831,-0.015079831,,,,,,-3.054E-05,9.3269E-10,,-0.020182502,0.000407333,,
201408,4.24,0.28,-0.58,-0.64,-0.68,0,,0.0424,0.0028,-0.0058,-0.0064,-0.0068,0,,0.037655295,0.037655295,,,,,,-0.001582276,2.5036E-06,,0.032552624,0.001059673,,
201409,-1.97,-3.79,-1.23,1.18,-0.53,0,,-0.0197,-0.0379,-0.0123,0.0118,-0.0053,0,,-0.015513837,-0.015513837,,,,,,0.000222008,4.92874E-08,,-0.020616509,0.00042504,,
201410,2.52,3.78,-1.68,-0.47,-0.14,0,,0.0252,0.0378,-0.0168,-0.0047,-0.0014,0,,0.023201461,0.023201461,,,,,,0.007022777,4.93194E-05,,0.018098789,0.000327566,,
201411,2.55,-2.29,-2.99,1.28,0.2,0,,0.0255,-0.0229,-0.0299,0.0128,0.002,0,,0.024533589,0.024533589,,,,,,-0.002798839,7.8335E-06,,0.019430917,0.000377561,,
201412,-0.06,2.87,2.06,-1.17,0.88,0,,-0.0006,0.0287,0.0206,-0.0117,0.0088,0,,-0.004188588,-0.004188588,,,,,,0.003187569,1.01606E-05,,-0.009291259,8.63275E-05,,
201501,-3.11,-0.87,-3.47,1.71,-1.71,0,,-0.0311,-0.0087,-0.0347,0.0171,-0.0171,0,,-0.031040806,-0.031040806,,,,,,0.001772917,3.14324E-06,,-0.036143477,0.001306351,,
201502,6.13,0.21,-1.79,-1.11,-1.71,0,,0.0613,0.0021,-0.0179,-0.0111,-0.0171,0,,0.054892511,0.054892511,,,,,,-0.002491936,6.20974E-06,,0.04978984,0.002479028,,
201503,-1.12,3.05,-0.46,-0.01,-0.52,0,,-0.0112,0.0305,-0.0046,-0.0001,-0.0052,0,,-0.017396107,-0.017396107,,,,,,0.001531756,2.34628E-06,,-0.022498778,0.000506195,,
201504,0.59,-3.04,1.86,-0.06,-0.5,0,,0.0059,-0.0304,0.0186,-0.0006,-0.005,0,,0.00852082,0.00852082,,,,,,-0.000399234,1.59387E-07,,0.003418148,1.16837E-05,,
201505,1.36,0.76,-1.37,-1.7,-0.75,0,,0.0136,0.0076,-0.0137,-0.017,-0.0075,0,,0.010491382,0.010491382,,,,,,0.001968828,3.87629E-06,,0.005388711,2.90382E-05,,
201506,-1.53,2.85,-0.79,0.58,-1.49,0,,-0.0153,0.0285,-0.0079,0.0058,-0.0149,0,,-0.021011672,-0.021011672,,,,,,0.001878717,3.52958E-06,,-0.026114344,0.000681959,,
201507,1.54,-4.57,-4.12,0.02,-2.57,0,,0.0154,-0.0457,-0.0412,0.0002,-0.0257,0,,0.01974203,0.01974203,,,,,,0.001097615,1.20476E-06,,0.014639358,0.000214311,,
201508,-6.04,0.41,2.68,0.66,1.22,0,,-0.0604,0.0041,0.0268,0.0066,0.0122,0,,-0.062580818,-0.062580818,,,,,,-0.000314615,9.89823E-08,,-0.06768349,0.004581055,,
201509,-3.08,-2.79,0.52,1.83,-0.52,0,,-0.0308,-0.0279,0.0052,0.0183,-0.0052,0,,-0.026442832,-0.026442832,,,,,,0.001300142,1.69037E-06,,-0.031545503,0.000995119,,
201510,7.75,-2.15,-0.08,0.81,0.46,0,,0.0775,-0.0215,-0.0008,0.0081,0.0046,0,,0.082983118,0.082983118,,,,,,0.00283816,8.05515E-06,,0.077880446,0.006065364,,
201511,0.56,3.33,-0.52,-2.58,-1.13,0,,0.0056,0.0333,-0.0052,-0.0258,-0.0113,0,,0.000504869,0.000504869,,,,,,0.004759515,2.2653E-05,,-0.004597802,2.11398E-05,,
201512,-2.17,-2.98,-2.58,0.32,0.08,0.01,,-0.0217,-0.0298,-0.0258,0.0032,0.0008,0.0001,,-0.017530185,-0.017630185,,,,,,0.002048749,4.19737E-06,,-0.022732857,0.000516783,,
201601,-5.77,-3.45,2.1,2.66,3,0.01,,-0.0577,-0.0345,0.021,0.0266,0.03,0.0001,,-0.050735322,-0.050835322,,,,,,0.000529195,2.80048E-07,,-0.055937993,0.003129059,,
201602,-0.07,0.95,-0.48,3.23,2.1,0.02,,-0.0007,0.0095,-0.0048,0.0323,0.021,0.0002,,-0.00412836,-0.00432836,,,,,,-0.002525986,6.3806E-06,,-0.009431032,8.89444E-05,,
201603,6.96,1.09,1.12,0.93,-0.06,0.02,,0.0696,0.0109,0.0112,0.0093,-0.0006,0.0002,,0.065991115,0.065791115,,,,,,-0.001200526,1.44126E-06,,0.060688443,0.003683087,,
201604,0.92,1.16,3.26,-2.86,1.96,0.01,,0.0092,0.0116,0.0326,-0.0286,0.0196,0.0001,,0.002699398,0.002599398,,,,,,-0.002494395,6.22201E-06,,-0.002503273,6.26638E-06,,
201605,1.78,-0.69,-1.81,-1.02,-2.6,0.01,,0.0178,-0.0069,-0.0181,-0.0102,-0.026,0.0001,,0.015324602,0.015224602,,,,,,0.000590587,3.48793E-07,,0.010121931,0.000102453,,
201606,-0.05,0.48,-1.49,1.18,1.92,0.02,,-0.0005,0.0048,-0.0149,0.0118,0.0192,0.0002,,0.000910921,0.000710921,,,,,,0.003099008,9.60385E-06,,-0.00439175,1.92875E-05,,
201607,3.95,2.69,-1.13,1.46,-1.27,0.02,,0.0395,0.0269,-0.0113,0.0146,-0.0127,0.0002,,0.035609801,0.035409801,,,,,,0.002207628,4.87362E-06,,0.03030713,0.000918522,,
201608,0.5,1.67,3.31,-1.54,-0.36,0.02,,0.005,0.0167,0.0331,-0.0154,-0.0036,0.0002,,-0.001219243,-0.001419243,,,,,,-0.001225073,1.5008E-06,,-0.006521915,4.25354E-05,,
201609,0.25,1.71,-1.48,-2.4,-0.03,0.02,,0.0025,0.0171,-0.0148,-0.024,-0.0003,0.0002,,-0.001234451,-0.001434451,,,,,,0.002938885,8.63704E-06,,-0.006537122,4.2734E-05,,
201610,-2.02,-4,4.18,1.14,0.2,0.02,,-0.0202,-0.04,0.0418,0.0114,0.002,0.0002,,-0.019425679,-0.019625679,,,,,,-0.005404434,2.92079E-05,,-0.024728351,0.000611491,,
201611,4.86,6.93,8.27,0.08,3.67,0.01,,0.0486,0.0693,0.0827,0.0008,0.0367,0.0001,,0.034174522,0.034074522,,,,,,-0.005057535,2.55787E-05,,0.028971851,0.000839368,,
201612,1.82,0.37,3.6,1.06,-0.26,0.03,,0.0182,0.0037,0.036,0.0106,-0.0026,0.0003,,0.018200762,0.017900762,,,,,,0.000964878,9.30989E-07,,0.012798091,0.000163791,,
201701,1.94,-1.31,-2.78,-0.16,-0.99,0.04,,0.0194,-0.0131,-0.0278,-0.0016,-0.0099,0.0004,,0.017884358,0.017484358,,,,,,-0.000753785,5.68192E-07,,0.012381687,0.000153306,,
201702,3.57,-2.12,-1.8,0.84,-1.75,0.04,,0.0357,-0.0212,-0.018,0.0084,-0.0175,0.0004,,0.03719816,0.03679816,,,,,,0.000264112,6.97552E-08,,0.031695489,0.001004604,,
201703,0.17,0.73,-3.18,0.53,-1,0.03,,0.0017,0.0073,-0.0318,0.0053,-0.01,0.0003,,-0.000389197,-0.000689197,,,,,,0.001983826,3.93556E-06,,-0.005791869,3.35457E-05,,
201704,1.09,0.48,-1.9,1.83,-1.55,0.05,,0.0109,0.0048,-0.019,0.0183,-0.0155,0.0005,,0.009091209,0.008591209,,,,,,0.000706659,4.99367E-07,,0.003488537,1.21699E-05,,
201705,1.06,-3.1,-3.78,1.16,-1.84,0.06,,0.0106,-0.031,-0.0378,0.0116,-0.0184,0.0006,,0.011576251,0.010976251,,,,,,-0.001491874,2.22569E-06,,0.00587358,3.44989E-05,,
201706,0.78,2.49,1.32,-2.04,-0.06,0.06,,0.0078,0.0249,0.0132,-0.0204,-0.0006,0.0006,,0.004813775,0.004213775,,,,,,0.003607461,1.30138E-05,,-0.000888896,7.90137E-07,,
201707,1.87,-1.57,-0.28,-0.69,-0.15,0.07,,0.0187,-0.0157,-0.0028,-0.0069,-0.0015,0.0007,,0.019348826,0.018648826,,,,,,2.10102E-06,4.4143E-12,,0.013546155,0.000183498,,
201708,0.16,-1.88,-2.24,0.3,-2.44,0.09,,0.0016,-0.0188,-0.0224,0.003,-0.0244,0.0009,,0.000546433,-0.000353567,,,,,,-0.001349286,1.82057E-06,,-0.005456239,2.97705E-05,,
201709,2.51,4.84,3.03,-1.26,1.64,0.09,,0.0251,0.0484,0.0303,-0.0126,0.0164,0.0009,,0.019302979,0.018402979,,,,,,0.002564881,6.57862E-06,,0.013300307,0.000176898,,
201710,2.25,-1.95,-0.06,0.93,-3.34,0.09,,0.0225,-0.0195,-0.0006,0.0093,-0.0334,0.0009,,0.022188135,0.021288135,,,,,,-0.001450609,2.10427E-06,,0.016185464,0.000261969,,
201711,3.12,-0.39,-0.05,3.23,0,0.08,,0.0312,-0.0039,-0.0005,0.0323,0,0.0008,,0.028082628,0.027282628,,,,,,-0.004501361,2.02622E-05,,0.022179956,0.00049195,,
201712,1.06,-1.01,0.14,0.73,1.65,0.09,,0.0106,-0.0101,0.0014,0.0073,0.0165,0.0009,,0.00983163,0.00893163,,,,,,-0.002361449,5.57644E-06,,0.003828959,1.46609E-05,,
201801,5.58,-3.16,-1.37,-0.58,-0.89,0.11,,0.0558,-0.0316,-0.0137,-0.0058,-0.0089,0.0011,,0.056178704,0.055078704,,,,,,-0.003084489,9.51408E-06,,0.049976033,0.002497604,,
201802,-3.65,0.36,-1.19,0.53,-2.25,0.11,,-0.0365,0.0036,-0.0119,0.0053,-0.0225,0.0011,,-0.038947372,-0.040047372,,,,,,0.000599224,3.59069E-07,,-0.045150043,0.002038526,,
201803,-2.35,3.52,-0.11,-0.45,0,0.12,,-0.0235,0.0352,-0.0011,-0.0045,0,0.0012,,-0.026884499,-0.028084499,,,,,,0.003974674,1.5798E-05,,-0.03318717,0.001101388,,
201804,0.29,0.98,0.53,-2.17,1.2,0.14,,0.0029,0.0098,0.0053,-0.0217,0.012,0.0014,,0.002718775,0.001318775,,,,,,0.002900551,8.41319E-06,,-0.003783896,1.43179E-05,,
201805,2.65,4.74,-3.16,-1.82,-1.39,0.14,,0.0265,0.0474,-0.0316,-0.0182,-0.0139,0.0014,,0.021608342,0.020208342,,,,,,0.006027445,3.63301E-05,,0.015105671,0.000228181,,
201806,0.48,0.83,-2.39,0.73,0.33,0.14,,0.0048,0.0083,-0.0239,0.0073,0.0033,0.0014,,0.004842436,0.003442436,,,,,,0.002250908,5.06659E-06,,-0.001660235,2.75638E-06,,
201807,3.19,-1.9,0.39,1.69,0.54,0.16,,0.0319,-0.019,0.0039,0.0169,0.0054,0.0016,,0.036021556,0.034421556,,,,,,1.85062E-05,3.42478E-10,,0.029318885,0.000859597,,
201808,3.44,0.74,-4.12,-0.34,-2.6,0.16,,0.0344,0.0074,-0.0412,-0.0034,-0.026,0.0016,,0.030263211,0.028663211,,,,,,-0.000184412,3.40079E-08,,0.02356054,0.000555099,,
201809,0.06,-2.51,-1.35,0.75,1.22,0.15,,0.0006,-0.0251,-0.0135,0.0075,0.0122,0.0015,,0.004294287,0.002794287,,,,,,-0.000322101,1.03749E-07,,-0.002308384,5.32864E-06,,
